Plant group,Taxonomic Division,Family,Genus,Species,NCBI name (if different),Status,Priority,Collected in 2020,"""Black list"" (collected/sequenced by others)",Collected by RBGE after jan2021,Collected by RBGE after jan2022,Shipping,Notes
bryophyte,Hornwort,Anthocerotaceae,Anthoceros,agrestis,,dtol_other_priority,yes,,,,,,being developed as evo-devo model - genome already in progress in various institutes
bryophyte,Hornwort,Anthocerotaceae,Anthoceros,punctatus,,dtol_family_representative,yes,,,,yes,,genome being done but not from UK material
bryophyte,Hornwort,Notothyladaceae,Phaeoceros,carolinianus,,dtol_other_priority,yes,,,,,,genome being sequenced elsewhere
bryophyte,Hornwort,Notothyladaceae,Phaeoceros,laevis,,dtol_family_representative,yes,,,,yes,,
bryophyte,Liverwort,Acrobolbaceae,Acrobolbus,wilsonii,,dtol_family_representative,yes,,,,,,Rare and usually present in small quantities
bryophyte,Liverwort,Adelanthaceae,Adelanthus,lindenbergianus,,dtol_other_priority,yes,,,,,,"Very rare (only 2 hectads in Britain, 8 in Ireland), although stems are bigger than other two family members"
bryophyte,Liverwort,Adelanthaceae,Pseudomarsupidium,decipiens,,dtol,,,,,,,
bryophyte,Liverwort,Adelanthaceae,Syzygiella,autumnalis,,dtol_family_representative,yes,,,,,,
bryophyte,Liverwort,Anastrophyllaceae,Anastrepta,orcadensis,,dtol,,,,yes,,RBGE_000014,
bryophyte,Liverwort,Anastrophyllaceae,Anastrophyllum,alpinum,,dtol_other_priority,yes,,,,,,
bryophyte,Liverwort,Anastrophyllaceae,Anastrophyllum,donnianum,,dtol_family_representative,yes,,,yes,,RBGE_000014,
bryophyte,Liverwort,Anastrophyllaceae,Anastrophyllum,hellerianum,,dtol,,,,,,,
bryophyte,Liverwort,Anastrophyllaceae,Anastrophyllum,joergensenii,,dtol,,,,,,,
bryophyte,Liverwort,Anastrophyllaceae,Barbilophozia,barbata,,dtol,,,,yes,,RBGE_000019,
bryophyte,Liverwort,Anastrophyllaceae,Barbilophozia,hatcheri,,dtol,,,,,,,
bryophyte,Liverwort,Anastrophyllaceae,Barbilophozia,kunzeana,,dtol,,,,,,,
bryophyte,Liverwort,Anastrophyllaceae,Barbilophozia,lycopodioides,,dtol,,,,,,,
bryophyte,Liverwort,Anastrophyllaceae,Barbilophozia,quadriloba,,dtol,,,,,,,
bryophyte,Liverwort,Anastrophyllaceae,Barbilophozia,sudetica,,dtol,,,,,,,
bryophyte,Liverwort,Anastrophyllaceae,Biantheridion,undulifolium,,dtol,,,,,,,
bryophyte,Liverwort,Anastrophyllaceae,Gymnocolea,inflata,,dtol,,,,,,,
bryophyte,Liverwort,Anastrophyllaceae,Isopaches,bicrenatus,,dtol,,,,,,,
bryophyte,Liverwort,Anastrophyllaceae,Orthocaulis,atlanticus,,dtol,,,,,,,
bryophyte,Liverwort,Anastrophyllaceae,Orthocaulis,attenuatus,,dtol,,,,yes,,RBGE_000021,
bryophyte,Liverwort,Anastrophyllaceae,Orthocaulis,floerkei,,dtol,,,,yes,,,
bryophyte,Liverwort,Anastrophyllaceae,Sphenolobopsis,pearsonii,,dtol,,,,,,,
bryophyte,Liverwort,Anastrophyllaceae,Sphenolobus,minutus,,dtol,,,,,,,
bryophyte,Liverwort,Anastrophyllaceae,Sphenolobus,saxicola,,dtol,,,,,,,
bryophyte,Liverwort,Anastrophyllaceae,Tetralophozia,setiformis,,dtol,,,,,,,
bryophyte,Liverwort,Aneuraceae,Aneura,mirabilis,,dtol,,,,,yes,,only non-photosynthetic bryophyte - but v. large genome
bryophyte,Liverwort,Aneuraceae,Aneura,pinguis,,dtol_other_priority,yes,,,,,,
bryophyte,Liverwort,Aneuraceae,Riccardia,chamedryfolia,,dtol,,,,,,,
bryophyte,Liverwort,Aneuraceae,Riccardia,incurvata,,dtol,,,,,,,
bryophyte,Liverwort,Aneuraceae,Riccardia,latifrons,,dtol,,,,,,,
bryophyte,Liverwort,Aneuraceae,Riccardia,multifida,,dtol,,,,,,,
bryophyte,Liverwort,Aneuraceae,Riccardia,palmata,,dtol_family_representative,yes,yes,,,,RBGE_0003,
bryophyte,Liverwort,Antheliaceae,Anthelia,julacea,,dtol_family_representative,yes,,,,,,
bryophyte,Liverwort,Antheliaceae,Anthelia,juratzkana,,dtol_other_priority,yes,,,,,,
bryophyte,Liverwort,Aytoniaceae,Reboulia,hemisphaerica,,dtol_family_representative,yes,,,,,,
bryophyte,Liverwort,Blasiaceae,Blasia,pusilla,,dtol_family_representative,yes,,,yes,,RBGE_000019,being sequenced elswhere
bryophyte,Liverwort,Blepharostomataceae,Blepharostoma,trichophyllum,,dtol_family_representative,yes,,,,,,Tiny and usually growing as scattered shoots among other bryos
bryophyte,Liverwort,Calypogeiaceae,Calypogeia,arguta,,dtol,,,,,,,
bryophyte,Liverwort,Calypogeiaceae,Calypogeia,azurea,,dtol,,,,,,,
bryophyte,Liverwort,Calypogeiaceae,Calypogeia,fissa,,dtol_family_representative,yes,,,,,,
bryophyte,Liverwort,Calypogeiaceae,Calypogeia,integristipula,,dtol,,,,,,,
bryophyte,Liverwort,Calypogeiaceae,Calypogeia,muelleriana,,dtol_other_priority,yes,,,yes,,RBGE_000021,
bryophyte,Liverwort,Calypogeiaceae,Calypogeia,neesiana,,dtol,,,,,,,
bryophyte,Liverwort,Calypogeiaceae,Calypogeia,sphagnicola,,dtol,,,,,,,
bryophyte,Liverwort,Calypogeiaceae,Calypogeia,suecica,,dtol,,,,,,,
bryophyte,Liverwort,Cephaloziaceae,Cephalozia,albescens,,dtol,,,,,,,
bryophyte,Liverwort,Cephaloziaceae,Cephalozia,ambigua,,dtol,,,,,,,
bryophyte,Liverwort,Cephaloziaceae,Cephalozia,bicuspidata,,dtol_family_representative,yes,,,,yes,,Small plants
bryophyte,Liverwort,Cephaloziaceae,Cephalozia,catenulata,,dtol,,,,,,,
bryophyte,Liverwort,Cephaloziaceae,Cephalozia,connivens,,dtol,,,,,,,
bryophyte,Liverwort,Cephaloziaceae,Cephalozia,crassifolia,,dtol,,,,,,,
bryophyte,Liverwort,Cephaloziaceae,Cephalozia,curvifolia,,dtol,,,,yes,,RBGE_000021,
bryophyte,Liverwort,Cephaloziaceae,Cephalozia,leucantha,,dtol,,,,,,,
bryophyte,Liverwort,Cephaloziaceae,Cephalozia,loitlesbergeri,,dtol,,,,,,,
bryophyte,Liverwort,Cephaloziaceae,Cephalozia,lunulifolia,,dtol,,,,,,,
bryophyte,Liverwort,Cephaloziaceae,Cephalozia,macrostachya,,dtol,,,,,,,
bryophyte,Liverwort,Cephaloziaceae,Cephalozia,pleniceps,,dtol,,,,,,,
bryophyte,Liverwort,Cephaloziaceae,Odontoschisma,denudatum,,dtol,,,,,,,
bryophyte,Liverwort,Cephaloziaceae,Odontoschisma,elongatum,,dtol,,,,,,,
bryophyte,Liverwort,Cephaloziaceae,Odontoschisma,fluitans,,dtol,,,,,,,
bryophyte,Liverwort,Cephaloziaceae,Odontoschisma,francisci,,dtol,,,,,,,
bryophyte,Liverwort,Cephaloziaceae,Odontoschisma,macounii,,dtol,,,,,,,
bryophyte,Liverwort,Cephaloziaceae,Odontoschisma,sphagni,,dtol_other_priority,yes,,,,yes,,Small plants
bryophyte,Liverwort,Cephaloziellaceae,Cephaloziella,baumgartneri,,dtol,,,,,,,
bryophyte,Liverwort,Cephaloziellaceae,Cephaloziella,calyculata,,dtol,,,,,,,
bryophyte,Liverwort,Cephaloziellaceae,Cephaloziella,dentata,,dtol,,,,,,,
bryophyte,Liverwort,Cephaloziellaceae,Cephaloziella,divaricata,,dtol_other_priority,yes,,,yes,,,Small plants
bryophyte,Liverwort,Cephaloziellaceae,Cephaloziella,elachista,,dtol,,,,,,,
bryophyte,Liverwort,Cephaloziellaceae,Cephaloziella,hampeana,,dtol,,,,,,,Small plants
bryophyte,Liverwort,Cephaloziellaceae,Cephaloziella,integerrima,,dtol,,,,,,,
bryophyte,Liverwort,Cephaloziellaceae,Cephaloziella,massalongi,,dtol,,,,,,,
bryophyte,Liverwort,Cephaloziellaceae,Cephaloziella,nicholsonii,,dtol,,,,,,,
bryophyte,Liverwort,Cephaloziellaceae,Cephaloziella,rubella,,dtol,,,,,,,
bryophyte,Liverwort,Cephaloziellaceae,Cephaloziella,spinigera,,dtol,,,,,,,
bryophyte,Liverwort,Cephaloziellaceae,Cephaloziella,stellulifera,,dtol,,,,,,,
bryophyte,Liverwort,Cephaloziellaceae,Cephaloziella,turneri,,dtol,,,,,,,
bryophyte,Liverwort,Cephaloziellaceae,Obtusifolium,obtusum,,dtol_family_representative,yes,,,,,,
bryophyte,Liverwort,Cephaloziellaceae,Oleolophozia,perssonii,,dtol,,,,,,,
bryophyte,Liverwort,Cephaloziellaceae,Protolophozia,herzogiana,,dtol,,,,,,,
bryophyte,Liverwort,Cleveaceae,Clevea,hyalina,,dtol_family_representative,yes,,,,,,Very rare (2 hectads)
bryophyte,Liverwort,Conocephalaceae,Conocephalum,conicum,,dtol_family_representative,yes,yes,,yes,,,
bryophyte,Liverwort,Conocephalaceae,Conocephalum,salebrosum,,dtol_other_priority,yes,,,yes,,RBGE_000016,
bryophyte,Liverwort,Dumortieraceae,Dumortiera,hirsuta,,dtol_family_representative,yes,,,,,,
bryophyte,Liverwort,Endogemmaceae,Endogemma,caespiticia,,dtol_family_representative,yes,,,,,,"Very rare, erratic, seasonal, small"
bryophyte,Liverwort,Fossombroniaceae,Fossombronia,angulosa,,dtol,,,,,,,
bryophyte,Liverwort,Fossombroniaceae,Fossombronia,caespitiformis,,dtol,,,,,,,
bryophyte,Liverwort,Fossombroniaceae,Fossombronia,fimbriata,,dtol,,,,,,,
bryophyte,Liverwort,Fossombroniaceae,Fossombronia,foveolata,,dtol,,,,,,,
bryophyte,Liverwort,Fossombroniaceae,Fossombronia,husnotii,,dtol,,,,,,,
bryophyte,Liverwort,Fossombroniaceae,Fossombronia,incurva,,dtol,,,,,,,
bryophyte,Liverwort,Fossombroniaceae,Fossombronia,maritima,,dtol,,,,,,,
bryophyte,Liverwort,Fossombroniaceae,Fossombronia,mittenii,,dtol,,,,,,,
bryophyte,Liverwort,Fossombroniaceae,Fossombronia,pusilla,,dtol_other_priority,yes,,,,,,
bryophyte,Liverwort,Fossombroniaceae,Fossombronia,wondraczekii,,dtol_family_representative,yes,,,,,,
bryophyte,Liverwort,Frullaniaceae,Frullania,dilatata,,dtol_other_priority,yes,yes,,,,RBGE_0003,
bryophyte,Liverwort,Frullaniaceae,Frullania,fragilifolia,,dtol,,,,,,,
bryophyte,Liverwort,Frullaniaceae,Frullania,microphylla,,dtol,,,,,,,
bryophyte,Liverwort,Frullaniaceae,Frullania,tamarisci,,dtol_family_representative,yes,yes,,,,RBGE_0002,
bryophyte,Liverwort,Frullaniaceae,Frullania,teneriffae,,dtol,,,,,,,
bryophyte,Liverwort,Geocalycaceae,Geocalyx,graveolens,,dtol_family_representative,yes,,,,,,"Very rare, small colonies"
bryophyte,Liverwort,Gymnomitriaceae,Gymnomitrion,adustum,,dtol,,,,,,,
bryophyte,Liverwort,Gymnomitriaceae,Gymnomitrion,alpinum,,dtol,,,,,,,
bryophyte,Liverwort,Gymnomitriaceae,Gymnomitrion,brevissimum,,dtol,,,,,,,
bryophyte,Liverwort,Gymnomitriaceae,Gymnomitrion,concinnatum,,dtol,,,,,,,
bryophyte,Liverwort,Gymnomitriaceae,Gymnomitrion,corallioides,,dtol,,,,,,,
bryophyte,Liverwort,Gymnomitriaceae,Gymnomitrion,crenulatum,,dtol,,,,,,,
bryophyte,Liverwort,Gymnomitriaceae,Gymnomitrion,obtusum,,dtol,,,,yes,,RBGE_000014,
bryophyte,Liverwort,Gymnomitriaceae,Marsupella,apiculata,,dtol,,,,,,,
bryophyte,Liverwort,Gymnomitriaceae,Marsupella,aquatica,,dtol,,,,yes,,,
bryophyte,Liverwort,Gymnomitriaceae,Marsupella,arctica,,dtol,,,,,,,
bryophyte,Liverwort,Gymnomitriaceae,Marsupella,boeckii,,dtol,,,,,,,
bryophyte,Liverwort,Gymnomitriaceae,Marsupella,condensata,,dtol,,,,,,,
bryophyte,Liverwort,Gymnomitriaceae,Marsupella,emarginata,,dtol_family_representative,yes,yes,,,,RBGE_0003,
bryophyte,Liverwort,Gymnomitriaceae,Marsupella,funckii,,dtol,,,,,,,
bryophyte,Liverwort,Gymnomitriaceae,Marsupella,profunda,,dtol,,,,,,,
bryophyte,Liverwort,Gymnomitriaceae,Marsupella,sparsifolia,,dtol,,,,,,,
bryophyte,Liverwort,Gymnomitriaceae,Marsupella,sphacelata,,dtol,,,,,,,
bryophyte,Liverwort,Gymnomitriaceae,Marsupella,sprucei,,dtol,,,,,,,
bryophyte,Liverwort,Gymnomitriaceae,Marsupella,stableri,,dtol,,,,,,,
bryophyte,Liverwort,Gymnomitriaceae,Nardia,breidleri,,dtol,,,,,,,
bryophyte,Liverwort,Gymnomitriaceae,Nardia,compressa,,dtol,,,,,,,
bryophyte,Liverwort,Gymnomitriaceae,Nardia,geoscyphus,,dtol,,,,,,,
bryophyte,Liverwort,Gymnomitriaceae,Nardia,insecta,,dtol,,,,,,,
bryophyte,Liverwort,Gymnomitriaceae,Nardia,scalaris,,dtol_other_priority,yes,,,yes,,RBGE_000014,
bryophyte,Liverwort,Haplomitriaceae,Haplomitrium,hookeri,,dtol_family_representative,yes,,,,,,
bryophyte,Liverwort,Harpanthaceae,Harpanthus,flotovianus,,dtol_family_representative,yes,,,yes,,RBGE_000014,Usually in small quantities
bryophyte,Liverwort,Harpanthaceae,Harpanthus,scutatus,,dtol_other_priority,yes,,,,,,Usually in small quantities
bryophyte,Liverwort,Herbertaceae,Herbertus,borealis,,dtol_other_priority,yes,,,yes,,RBGE_000014,
bryophyte,Liverwort,Herbertaceae,Herbertus,hutchinsiae,,dtol_family_representative,yes,,,yes,,RBGE_000014,
bryophyte,Liverwort,Herbertaceae,Herbertus,norenus,,dtol,,,,,,,
bryophyte,Liverwort,Herbertaceae,Herbertus,stramineus,,dtol,,,,yes,,RBGE_000014,
bryophyte,Liverwort,Hygrobiellaceae,Hygrobiella,laxifolia,,dtol_family_representative,yes,,,,,,
bryophyte,Liverwort,Jubulaceae,Jubula,hutchinsiae,,dtol_family_representative,yes,,,,,,
bryophyte,Liverwort,Jungermanniaceae,Eremonotus,myriocarpus,,dtol,,,,,,,
bryophyte,Liverwort,Jungermanniaceae,Jungermannia,atrovirens,,dtol,,,,,,,
bryophyte,Liverwort,Jungermanniaceae,Jungermannia,borealis,,dtol,,,,,,,
bryophyte,Liverwort,Jungermanniaceae,Jungermannia,eucordifolia,,dtol_family_representative,yes,,,yes,,RBGE_000014,
bryophyte,Liverwort,Jungermanniaceae,Jungermannia,polaris,,dtol,,,,,,,
bryophyte,Liverwort,Jungermanniaceae,Jungermannia,pumila,,dtol,,,,,,,
bryophyte,Liverwort,Jungermanniaceae,Liochlaena,lanceolata,,dtol,,,,,,,
bryophyte,Liverwort,Jungermanniaceae,Mesoptychia,badensis,,dtol,,,,,,,
bryophyte,Liverwort,Jungermanniaceae,Mesoptychia,bantriensis,,dtol_other_priority,yes,,,yes,,RBGE_000014,
bryophyte,Liverwort,Jungermanniaceae,Mesoptychia,collaris,,dtol,,,,,,,
bryophyte,Liverwort,Jungermanniaceae,Mesoptychia,fitzgeraldiae,,dtol,,,,,,,
bryophyte,Liverwort,Jungermanniaceae,Mesoptychia,gillmanii,,dtol,,,,,,,
bryophyte,Liverwort,Jungermanniaceae,Mesoptychia,heterocolpos,,dtol,,,,,,,
bryophyte,Liverwort,Jungermanniaceae,Mesoptychia,rutheana,,dtol,,,,,,,
bryophyte,Liverwort,Jungermanniaceae,Mesoptychia,turbinata,,dtol,,,,,,,
bryophyte,Liverwort,Lejeuneaceae,Cololejeunea,calcarea,,dtol,,,,,,,
bryophyte,Liverwort,Lejeuneaceae,Cololejeunea,microscopica,,dtol,,,,,,,
bryophyte,Liverwort,Lejeuneaceae,Cololejeunea,rossettiana,,dtol,,,,,,,
bryophyte,Liverwort,Lejeuneaceae,Colura,calyptrifolia,,dtol,,,,,yes,,
bryophyte,Liverwort,Lejeuneaceae,Drepanolejeunea,hamatifolia,,dtol,,,,,,,
bryophyte,Liverwort,Lejeuneaceae,Harpalejeunea,molleri,,dtol,,,,,,,
bryophyte,Liverwort,Lejeuneaceae,Lejeunea,cavifolia,,dtol,,,,,,,
bryophyte,Liverwort,Lejeuneaceae,Lejeunea,eckloniana,,dtol,,,,,,,
bryophyte,Liverwort,Lejeuneaceae,Lejeunea,flava,,dtol,,,,,,,
bryophyte,Liverwort,Lejeuneaceae,Lejeunea,hibernica,,dtol,,,,,,,
bryophyte,Liverwort,Lejeuneaceae,Lejeunea,lamacerina,,dtol,,,,,,,
bryophyte,Liverwort,Lejeuneaceae,Lejeunea,mandonii,,dtol,,,,,,,
bryophyte,Liverwort,Lejeuneaceae,Lejeunea,patens,,dtol_family_representative,yes,yes,,,,,
bryophyte,Liverwort,Lejeuneaceae,Marchesinia,mackaii,,dtol_other_priority,yes,,,,,,
bryophyte,Liverwort,Lejeuneaceae,Microlejeunea,ulicina,,dtol,,,,,,,
bryophyte,Liverwort,Lejeuneaceae,Myriocoleopsis,minutissima,,dtol,,,,,,,
bryophyte,Liverwort,Lepidoziaceae,Bazzania,pearsonii,,dtol,,,,yes,,RBGE_000019,
bryophyte,Liverwort,Lepidoziaceae,Bazzania,tricrenata,,dtol_family_representative,yes,,,yes,,RBGE_000019,
bryophyte,Liverwort,Lepidoziaceae,Bazzania,trilobata,,dtol,,,,,yes,,
bryophyte,Liverwort,Lepidoziaceae,Kurzia,pauciflora,,dtol,,,,,,,
bryophyte,Liverwort,Lepidoziaceae,Kurzia,sylvatica,,dtol,,,,,,,
bryophyte,Liverwort,Lepidoziaceae,Kurzia,trichoclados,,dtol,,,,,yes,,
bryophyte,Liverwort,Lepidoziaceae,Lepidozia,cupressina,,dtol,,,,,yes,,
bryophyte,Liverwort,Lepidoziaceae,Lepidozia,pearsonii,,dtol,,,,,,,
bryophyte,Liverwort,Lepidoziaceae,Lepidozia,reptans,,dtol_other_priority,yes,yes,,,,RBGE_0003,
bryophyte,Liverwort,Lepidoziaceae,Telaranea,europaea,,dtol,,,,,,,
bryophyte,Liverwort,Lepidoziaceae,Tricholepidozia,lindenbergii,,dtol,,,,,,,
bryophyte,Liverwort,Lepidoziaceae,Tricholepidozia,tetradactyla,,dtol,,,,,yes,,not native
bryophyte,Liverwort,Lophocoleaceae,Chiloscyphus,pallescens,,dtol_other_priority,yes,,,,,,
bryophyte,Liverwort,Lophocoleaceae,Chiloscyphus,polyanthos,,dtol,,,,,yes,,
bryophyte,Liverwort,Lophocoleaceae,Heteroscyphus,fissistipus,,dtol,,,,,,,
bryophyte,Liverwort,Lophocoleaceae,Leptoscyphus,cuneifolius,,dtol,,,,,,,
bryophyte,Liverwort,Lophocoleaceae,Lophocolea,bidentata,,dtol_family_representative,yes,yes,,,,RBGE_0003,
bryophyte,Liverwort,Lophocoleaceae,Lophocolea,bispinosa,,dtol,,,,yes,,,
bryophyte,Liverwort,Lophocoleaceae,Lophocolea,brookwoodiana,,dtol,,,,,,,"not native, but dubiously endemic"
bryophyte,Liverwort,Lophocoleaceae,Lophocolea,fragrans,,dtol,,,,,,,
bryophyte,Liverwort,Lophocoleaceae,Lophocolea,heterophylla,,dtol,,,,,,,
bryophyte,Liverwort,Lophocoleaceae,Lophocolea,semiteres,,dtol,,,,yes,,RBGE_000021,not native
bryophyte,Liverwort,Lophoziaceae,Heterogemma,capitata,,dtol,,,,,,,
bryophyte,Liverwort,Lophoziaceae,Lophozia,excisa,,dtol,,,,yes,,RBGE_000021,
bryophyte,Liverwort,Lophoziaceae,Lophozia,guttulata,,dtol,,,,,,,
bryophyte,Liverwort,Lophoziaceae,Lophozia,longidens,,dtol,,,,,,,
bryophyte,Liverwort,Lophoziaceae,Lophozia,ventricosa,,dtol_other_priority,yes,,,yes,,,
bryophyte,Liverwort,Lophoziaceae,Lophozia,wenzelii,,dtol,,,,,,,
bryophyte,Liverwort,Lophoziaceae,Tritomaria,exsecta,,dtol,,,,,,,
bryophyte,Liverwort,Lophoziaceae,Tritomaria,exsectiformis,,dtol,,,,,,,
bryophyte,Liverwort,Lophoziaceae,Tritomaria,quinquedentata,,dtol_family_representative,yes,yes,,,,RBGE_000016,
bryophyte,Liverwort,Lunulariaceae,Lunularia,cruciata,,dtol_family_representative,yes,yes,,,,"RBGE_0004, 000009",
bryophyte,Liverwort,Marchantiaceae,Marchantia,polymorpha,,dtol_other_priority,yes,,yes,yes,,RBGE_000016,subsp. montivagans sampled
bryophyte,Liverwort,Marchantiaceae,Marchantia,polymorpha,,dtol,,,,,,,evo-devo model - already a lot of genome sequencing effort
bryophyte,Liverwort,Marchantiaceae,Marchantia,quadrata,,dtol_family_representative,yes,,,yes,,RBGE_000014,
bryophyte,Liverwort,Mastigophoraceae,Mastigophora,woodsii,,dtol_family_representative,yes,,,yes,,RBGE_000014,
bryophyte,Liverwort,Metzgeriaceae,Metzgeria,conjugata,,dtol,,,,yes,,RBGE_000014,
bryophyte,Liverwort,Metzgeriaceae,Metzgeria,consanguinea,,dtol,,,,,,,
bryophyte,Liverwort,Metzgeriaceae,Metzgeria,furcata,,dtol_family_representative,yes,yes,,,,RBGE_0003,
bryophyte,Liverwort,Metzgeriaceae,Metzgeria,leptoneura,,dtol,,,,,,,
bryophyte,Liverwort,Metzgeriaceae,Metzgeria,pubescens,,dtol,,,,,,,
bryophyte,Liverwort,Metzgeriaceae,Metzgeria,violacea,,dtol_other_priority,yes,,,,yes,,
bryophyte,Liverwort,Moerckiaceae,Moerckia,blyttii,,dtol_other_priority,yes,,,,,,M. blyttii is a different genus to the other two spp and quite phylogenetically separated
bryophyte,Liverwort,Moerckiaceae,Moerckia,flotoviana,,dtol,,,,,,,
bryophyte,Liverwort,Moerckiaceae,Moerckia,hibernica,,dtol_family_representative,yes,,,,,,
bryophyte,Liverwort,Myliaceae,Mylia,anomala,,dtol_other_priority,yes,,,,,,Large genome
bryophyte,Liverwort,Myliaceae,Mylia,taylorii,,dtol_family_representative,yes,,,yes,,RBGE_000014,Large genome
bryophyte,Liverwort,Pallaviciniaceae,Pallavicinia,lyellii,,dtol_family_representative,yes,,,,,,
bryophyte,Liverwort,Pelliaceae,Pellia,endiviifolia,,dtol_family_representative,yes,,,yes,,RBGE_000013,
bryophyte,Liverwort,Pelliaceae,Pellia,epiphylla,,dtol_other_priority,yes,,,yes,,RBGE_000021,
bryophyte,Liverwort,Pelliaceae,Pellia,neesiana,,dtol,,,,,yes,,
bryophyte,Liverwort,Petalophyllaceae,Petalophyllum,ralfsii,,dtol_family_representative,yes,,,,,,red-listed but can be germinated from site soil samples
bryophyte,Liverwort,Plagiochilaceae,Pedinophyllum,interruptum,,dtol,,,,,,,
bryophyte,Liverwort,Plagiochilaceae,Plagiochila,asplenioides,,dtol,,,,yes,,,
bryophyte,Liverwort,Plagiochilaceae,Plagiochila,bifaria,,dtol,,,,,,,
bryophyte,Liverwort,Plagiochilaceae,Plagiochila,britannica,,dtol,,,,,,,
bryophyte,Liverwort,Plagiochilaceae,Plagiochila,carringtonii,,dtol_other_priority,yes,,,,yes,,One of Sanger's 25 Genomes project
bryophyte,Liverwort,Plagiochilaceae,Plagiochila,exigua,,dtol,,,,,,,
bryophyte,Liverwort,Plagiochilaceae,Plagiochila,heterophylla,,dtol,,,,,,,
bryophyte,Liverwort,Plagiochilaceae,Plagiochila,porelloides,,dtol_family_representative,yes,yes,,,,RBGE_0002,
bryophyte,Liverwort,Plagiochilaceae,Plagiochila,punctata,,dtol,,,,,,,
bryophyte,Liverwort,Plagiochilaceae,Plagiochila,spinulosa,,dtol,,,,yes,,RBGE_000019,
bryophyte,Liverwort,Pleuroziaceae,Pleurozia,purpurea,,dtol_family_representative,yes,,,yes,,RBGE_000014,
bryophyte,Liverwort,Porellaceae,Porella,arboris-vitae,,dtol_other_priority,yes,,,yes,,RBGE_000014,
bryophyte,Liverwort,Porellaceae,Porella,cordaeana,,dtol_family_representative,yes,yes,,,,RBGE_0003,
bryophyte,Liverwort,Porellaceae,Porella,obtusata,,dtol,,,,,,,
bryophyte,Liverwort,Porellaceae,Porella,pinnata,,dtol,,,,,,,
bryophyte,Liverwort,Porellaceae,Porella,platyphylla,,dtol,,,,,,,
bryophyte,Liverwort,Ptilidiaceae,Ptilidium,ciliare,,dtol_family_representative,yes,yes,,,,RBGE_0002,
bryophyte,Liverwort,Ptilidiaceae,Ptilidium,pulcherrimum,,dtol_other_priority,yes,,,,,,
bryophyte,Liverwort,Radulaceae,Radula,aquilegia,,dtol,,,,,,,
bryophyte,Liverwort,Radulaceae,Radula,carringtonii,,dtol,,,,,,,
bryophyte,Liverwort,Radulaceae,Radula,complanata,,dtol_family_representative,yes,yes,,,,RBGE_0003,
bryophyte,Liverwort,Radulaceae,Radula,holtii,,dtol,,,,,,,
bryophyte,Liverwort,Radulaceae,Radula,lindenbergiana,,dtol_other_priority,yes,,,,,,
bryophyte,Liverwort,Radulaceae,Radula,voluta,,dtol,,,,,,,
bryophyte,Liverwort,Ricciaceae,Riccia,beyrichiana,,dtol,,,,yes,,RBGE_000019,
bryophyte,Liverwort,Ricciaceae,Riccia,bifurca,,dtol,,,,,,,
bryophyte,Liverwort,Ricciaceae,Riccia,canaliculata,,dtol,,,,,,,
bryophyte,Liverwort,Ricciaceae,Riccia,cavernosa,,dtol,,,,,,,
bryophyte,Liverwort,Ricciaceae,Riccia,crozalsii,,dtol,,,,,,,
bryophyte,Liverwort,Ricciaceae,Riccia,crystallina,,dtol,,,,,,,
bryophyte,Liverwort,Ricciaceae,Riccia,fluitans,,dtol_other_priority,yes,,,,,,
bryophyte,Liverwort,Ricciaceae,Riccia,glauca,,dtol,,,,,,,
bryophyte,Liverwort,Ricciaceae,Riccia,huebeneriana,,dtol,,,,,,,
bryophyte,Liverwort,Ricciaceae,Riccia,nigrella,,dtol,,,,,,,
bryophyte,Liverwort,Ricciaceae,Riccia,rhenana,,dtol,,,,,,,
bryophyte,Liverwort,Ricciaceae,Riccia,sorocarpa,,dtol_family_representative,yes,,,,,,
bryophyte,Liverwort,Ricciaceae,Riccia,subbifurca,,dtol,,,,,,,
bryophyte,Liverwort,Ricciaceae,Ricciocarpos,natans,,dtol,,,,,,,
bryophyte,Liverwort,Saccogynaceae,Saccogyna,viticulosa,,dtol_family_representative,yes,,,,yes,,
bryophyte,Liverwort,Scapaniaceae,Diplophyllum,albicans,,dtol,,yes,,,,RBGE_0002,
bryophyte,Liverwort,Scapaniaceae,Diplophyllum,obtusifolium,,dtol,,,,,,,
bryophyte,Liverwort,Scapaniaceae,Diplophyllum,taxifolium,,dtol,,,,,,,
bryophyte,Liverwort,Scapaniaceae,Douinia,ovata,,dtol,,,,yes,,RBGE_000019,
bryophyte,Liverwort,Scapaniaceae,Saccobasis,polita,,dtol,,,,,,,
bryophyte,Liverwort,Scapaniaceae,Scapania,aequiloba,,dtol,,,,,,,
bryophyte,Liverwort,Scapaniaceae,Scapania,aspera,,dtol,,,,,,,
bryophyte,Liverwort,Scapaniaceae,Scapania,calcicola,,dtol,,,,,,,
bryophyte,Liverwort,Scapaniaceae,Scapania,compacta,,dtol,,,,,,,
bryophyte,Liverwort,Scapaniaceae,Scapania,curta,,dtol,,,,,,,
bryophyte,Liverwort,Scapaniaceae,Scapania,cuspiduligera,,dtol,,,,,,,
bryophyte,Liverwort,Scapaniaceae,Scapania,degenii,,dtol,,,,,,,
bryophyte,Liverwort,Scapaniaceae,Scapania,gracilis,,dtol,,,,yes,,,
bryophyte,Liverwort,Scapaniaceae,Scapania,gymnostomophila,,dtol,,,,,,,
bryophyte,Liverwort,Scapaniaceae,Scapania,irrigua,,dtol,,,,yes,,RBGE_000021,
bryophyte,Liverwort,Scapaniaceae,Scapania,lingulata,,dtol,,,,,,,
bryophyte,Liverwort,Scapaniaceae,Scapania,nemorea,,dtol,,,,,,,
bryophyte,Liverwort,Scapaniaceae,Scapania,nimbosa,,dtol_other_priority,yes,,,,,,
bryophyte,Liverwort,Scapaniaceae,Scapania,ornithopodioides,,dtol_family_representative,yes,,,yes,,RBGE_000019,
bryophyte,Liverwort,Scapaniaceae,Scapania,paludicola,,dtol,,,,,,,
bryophyte,Liverwort,Scapaniaceae,Scapania,paludosa,,dtol,,,,,,,
bryophyte,Liverwort,Scapaniaceae,Scapania,parvifolia,,dtol,,,,,,,
bryophyte,Liverwort,Scapaniaceae,Scapania,praetervisa,,dtol,,,,,,,
bryophyte,Liverwort,Scapaniaceae,Scapania,scandica,,dtol,,,,,,,
bryophyte,Liverwort,Scapaniaceae,Scapania,subalpina,,dtol,,,,,,,
bryophyte,Liverwort,Scapaniaceae,Scapania,uliginosa,,dtol,,,,,,,
bryophyte,Liverwort,Scapaniaceae,Scapania,umbrosa,,dtol,,,,yes,,RBGE_000021,
bryophyte,Liverwort,Scapaniaceae,Scapania,undulata,,dtol,,,,,yes,,
bryophyte,Liverwort,Scapaniaceae,Schistochilopsis,incisa,,dtol,,,,,,,
bryophyte,Liverwort,Scapaniaceae,Schistochilopsis,opacifolia,,dtol,,,,,,,
bryophyte,Liverwort,Solenostomataceae,Solenostoma,confertissimum,,dtol,,,,,,,
bryophyte,Liverwort,Solenostomataceae,Solenostoma,gracillimum,,dtol,,,,,yes,,
bryophyte,Liverwort,Solenostomataceae,Solenostoma,hyalinum,,dtol,,,,,,,
bryophyte,Liverwort,Solenostomataceae,Solenostoma,obovatum,,dtol_family_representative,yes,,,,,,
bryophyte,Liverwort,Solenostomataceae,Solenostoma,paroicum,,dtol_other_priority,yes,,,,yes,,
bryophyte,Liverwort,Solenostomataceae,Solenostoma,sphaerocarpum,,dtol,,,,,,,
bryophyte,Liverwort,Solenostomataceae,Solenostoma,subellipticum,,dtol,,,,,,,
bryophyte,Liverwort,Southbyaceae,Gongylanthus,ericetorum,,dtol_family_representative,yes,,,,,,"Very rare, tiny"
bryophyte,Liverwort,Southbyaceae,Southbya,nigrella,,dtol,,,,,,,"Very rare, tiny"
bryophyte,Liverwort,Southbyaceae,Southbya,tophacea,,dtol,,,,,,,"Very rare, tiny"
bryophyte,Liverwort,Sphaerocarpaceae,Sphaerocarpos,europaeus,,dtol_family_representative,yes,,,,,,
bryophyte,Liverwort,Sphaerocarpaceae,Sphaerocarpos,michelii,,dtol_other_priority,yes,,,,,,
bryophyte,Liverwort,Targioniaceae,Targionia,hypophylla,,dtol_family_representative,yes,,,,,,
bryophyte,Liverwort,Trichocoleaceae,Trichocolea,tomentella,,dtol_family_representative,yes,,,,,,
bryophyte,Moss,Amblystegiaceae,Amblystegium,serpens,,dtol,,,,,,,
bryophyte,Moss,Amblystegiaceae,Campyliadelphus,chrysophyllus,,dtol,,,,,,,
bryophyte,Moss,Amblystegiaceae,Campyliadelphus,elodes,,dtol,,,,,,,
bryophyte,Moss,Amblystegiaceae,Campylium,bambergeri,,dtol,,,,,,,
bryophyte,Moss,Amblystegiaceae,Campylium,protensum,,dtol,,,,,,,
bryophyte,Moss,Amblystegiaceae,Campylium,stellatum,,dtol,,yes,,,,RBGE_0003,
bryophyte,Moss,Amblystegiaceae,Campylophyllopsis,calcarea,,dtol,,,,,,,
bryophyte,Moss,Amblystegiaceae,Campylophyllum,halleri,,dtol,,,,,,,
bryophyte,Moss,Amblystegiaceae,Conardia,compacta,,dtol,,,,,,,
bryophyte,Moss,Amblystegiaceae,Cratoneuron,curvicaule,,dtol,,,,,,,
bryophyte,Moss,Amblystegiaceae,Cratoneuron,filicinum,,dtol,,,,,yes,,
bryophyte,Moss,Amblystegiaceae,Drepanocladus,aduncus,,dtol,,,,,,,
bryophyte,Moss,Amblystegiaceae,Drepanocladus,lycopodioides,,dtol,,,,,,,
bryophyte,Moss,Amblystegiaceae,Drepanocladus,polygamus,,dtol,,,,,,,
bryophyte,Moss,Amblystegiaceae,Drepanocladus,sendtneri,,dtol,,,,,,,
bryophyte,Moss,Amblystegiaceae,Drepanocladus,trifarius,,dtol,,,,,,,
bryophyte,Moss,Amblystegiaceae,Drepanocladus,turgescens,,dtol,,,,,,,
bryophyte,Moss,Amblystegiaceae,Hygroamblystegium,fluviatile,,dtol,,,,,,,
bryophyte,Moss,Amblystegiaceae,Hygroamblystegium,humile,,dtol,,,,,,,
bryophyte,Moss,Amblystegiaceae,Hygroamblystegium,tenax,,dtol,,,,,,,
bryophyte,Moss,Amblystegiaceae,Hygroamblystegium,varium,,dtol,,,,,,,
bryophyte,Moss,Amblystegiaceae,Hygrohypnum,luridum,,dtol,,,,,,,
bryophyte,Moss,Amblystegiaceae,Hygrohypnum,styriacum,,dtol,,,,,,,
bryophyte,Moss,Amblystegiaceae,Leptodictyum,riparium,,dtol,,,,,,,
bryophyte,Moss,Amblystegiaceae,Microhypnum,sauteri,,dtol,,,,,,,
bryophyte,Moss,Amblystegiaceae,Palustriella,commutata,,dtol_family_representative,yes,yes,,,,,
bryophyte,Moss,Amblystegiaceae,Palustriella,decipiens,,dtol,,,,,,,
bryophyte,Moss,Amblystegiaceae,Palustriella,falcata,,dtol_other_priority,yes,yes,,,,RBGE_0003,
bryophyte,Moss,Amblystegiaceae,Platyhypnum,duriusculum,,dtol,,,,,,,
bryophyte,Moss,Amblystegiaceae,Platyhypnum,molle,,dtol,,,,,,,
bryophyte,Moss,Amblystegiaceae,Platyhypnum,smithii,,dtol,,,,,,,
bryophyte,Moss,Amblystegiaceae,Pseudocampylium,radicale,,dtol,,,,,,,
bryophyte,Moss,Amblystegiaceae,Serpoleskea,confervoides,,dtol,,,,,,,
bryophyte,Moss,Amblystegiaceae,Tomentypnum,nitens,,dtol,,,,,,,
bryophyte,Moss,Amphidiaceae,Amphidium,lapponicum,,dtol_other_priority,yes,,,yes,,RBGE_000014,
bryophyte,Moss,Amphidiaceae,Amphidium,mougeotii,,dtol_family_representative,yes,yes,,,,,
bryophyte,Moss,Andreaeaceae,Andreaea,alpestris,,dtol,,,,,,,
bryophyte,Moss,Andreaeaceae,Andreaea,blyttii,,dtol,,,,,,,
bryophyte,Moss,Andreaeaceae,Andreaea,frigida,,dtol,,,,,,,
bryophyte,Moss,Andreaeaceae,Andreaea,hookeri,,dtol_family_representative,yes,,,yes,,RBGE_000014,
bryophyte,Moss,Andreaeaceae,Andreaea,megistospora,,dtol,,,,,,,
bryophyte,Moss,Andreaeaceae,Andreaea,mutabilis,,dtol,,,,,,,
bryophyte,Moss,Andreaeaceae,Andreaea,nivalis,,dtol_other_priority,yes,,,yes,,RBGE_000019,
bryophyte,Moss,Andreaeaceae,Andreaea,rothii,,dtol,,,,yes,,RBGE_000014,
bryophyte,Moss,Andreaeaceae,Andreaea,rupestris,,dtol,,,,,,,
bryophyte,Moss,Andreaeaceae,Andreaea,sinuosa,,dtol,,,,,,,
bryophyte,Moss,Anomodontaceae,Anomodon,longifolius,,dtol_other_priority,yes,,,,,,
bryophyte,Moss,Anomodontaceae,Anomodon,viticulosus,,dtol_family_representative,yes,yes,,,,RBGE_0003,
bryophyte,Moss,Antitrichiaceae,Antitrichia,curtipendula,,dtol_family_representative,yes,,,yes,,RBGE_000013,
bryophyte,Moss,Aongstroemiaceae,Aongstroemia,longipes,,dtol,,,,,,,
bryophyte,Moss,Aongstroemiaceae,Dichodontium,flavescens,,dtol,,,,yes,,,
bryophyte,Moss,Aongstroemiaceae,Dichodontium,palustre,,dtol_family_representative,yes,yes,,,,RBGE_000016,
bryophyte,Moss,Aongstroemiaceae,Dichodontium,pellucidum,,dtol_other_priority,yes,,,,,,
bryophyte,Moss,Archidiaceae,Archidium,alternifolium,,dtol_family_representative,yes,,,,yes,,
bryophyte,Moss,Aulacomniaceae,Aulacomnium,androgynum,,dtol,,,,,,,
bryophyte,Moss,Aulacomniaceae,Aulacomnium,palustre,,dtol_family_representative,yes,yes,,,,RBGE_000016,
bryophyte,Moss,Aulacomniaceae,Aulacomnium,turgidum,,dtol_other_priority,yes,,,,yes,,"Rarest, but largest species (stems ~4x bigger than A. androgynum...)"
bryophyte,Moss,Bartramiaceae,Bartramia,aprica,,dtol,,,,,,,
bryophyte,Moss,Bartramiaceae,Bartramia,halleriana,,dtol,,,,,,,
bryophyte,Moss,Bartramiaceae,Bartramia,ithyphylla,,dtol,,,,,yes,,
bryophyte,Moss,Bartramiaceae,Bartramia,pomiformis,,dtol,,,,yes,,RBGE_000014,
bryophyte,Moss,Bartramiaceae,Breutelia,chrysocoma,,dtol_family_representative,yes,yes,,,,RBGE_0002,
bryophyte,Moss,Bartramiaceae,Conostomum,tetragonum,,dtol,,,,,,,
bryophyte,Moss,Bartramiaceae,Philonotis,caespitosa,,dtol,,,,,,,
bryophyte,Moss,Bartramiaceae,Philonotis,calcarea,,dtol,,,,,,,
bryophyte,Moss,Bartramiaceae,Philonotis,capillaris,,dtol,,,,,,,
bryophyte,Moss,Bartramiaceae,Philonotis,cernua,,dtol,,,,,,,
bryophyte,Moss,Bartramiaceae,Philonotis,fontana,,dtol_other_priority,yes,yes,,,,RBGE_0002,
bryophyte,Moss,Bartramiaceae,Philonotis,marchica,,dtol,,,,,,,
bryophyte,Moss,Bartramiaceae,Philonotis,rigida,,dtol,,,,,,,
bryophyte,Moss,Bartramiaceae,Philonotis,seriata,,dtol,,,,,,,
bryophyte,Moss,Bartramiaceae,Philonotis,tomentella,,dtol,,,,,,,
bryophyte,Moss,Bartramiaceae,Plagiopus,oederianus,,dtol,,,,yes,,,
bryophyte,Moss,Brachytheciaceae,Brachytheciastrum,trachypodium,,dtol,,,,,,,
bryophyte,Moss,Brachytheciaceae,Brachytheciastrum,velutinum,,dtol,,,,,,,
bryophyte,Moss,Brachytheciaceae,Brachythecium,albicans,,dtol,,,,,,,
bryophyte,Moss,Brachytheciaceae,Brachythecium,cirrosum,,dtol,,,,,,,
bryophyte,Moss,Brachytheciaceae,Brachythecium,erythrorrhizon,,dtol,,,,,,,
bryophyte,Moss,Brachytheciaceae,Brachythecium,glareosum,,dtol,,,,,,,
bryophyte,Moss,Brachytheciaceae,Brachythecium,mildeanum,,dtol,,,,,,,
bryophyte,Moss,Brachytheciaceae,Brachythecium,rivulare,,dtol,,,,,,,
bryophyte,Moss,Brachytheciaceae,Brachythecium,rutabulum,,dtol,,,,yes,,,
bryophyte,Moss,Brachytheciaceae,Brachythecium,salebrosum,,dtol,,,,,,,
bryophyte,Moss,Brachytheciaceae,Cirriphyllum,crassinervium,,dtol,,,,,,,
bryophyte,Moss,Brachytheciaceae,Cirriphyllum,piliferum,,dtol,,,,,,,
bryophyte,Moss,Brachytheciaceae,Eurhynchiastrum,diversifolium,,dtol,,,,,,,
bryophyte,Moss,Brachytheciaceae,Eurhynchium,striatum,,dtol,,,,yes,,,
bryophyte,Moss,Brachytheciaceae,Homalothecium,lutescens,,dtol,,,,,,,
bryophyte,Moss,Brachytheciaceae,Homalothecium,sericeum,,dtol_other_priority,yes,yes,,,,RBGE_0003,
bryophyte,Moss,Brachytheciaceae,Kindbergia,praelonga,,dtol_family_representative,yes,yes,,,,RBGE_0002,
bryophyte,Moss,Brachytheciaceae,Microeurhynchium,pumilum,,dtol,,,,,,,
bryophyte,Moss,Brachytheciaceae,Oxyrrhynchium,hians,,dtol,,,,,,,
bryophyte,Moss,Brachytheciaceae,Oxyrrhynchium,schleicheri,,dtol,,,,,,,
bryophyte,Moss,Brachytheciaceae,Oxyrrhynchium,speciosum,,dtol,,,,,,,
bryophyte,Moss,Brachytheciaceae,Plasteurhynchium,meridionale,,dtol,,,,,,,
bryophyte,Moss,Brachytheciaceae,Plasteurhynchium,striatulum,,dtol,,,,,,,
bryophyte,Moss,Brachytheciaceae,Pseudoscleropodium,purum,,dtol,,,,yes,,RBGE_000013,
bryophyte,Moss,Brachytheciaceae,Rhynchostegiella,curviseta,,dtol,,,,,,,
bryophyte,Moss,Brachytheciaceae,Rhynchostegiella,litorea,,dtol,,,,,,,
bryophyte,Moss,Brachytheciaceae,Rhynchostegiella,tenella,,dtol,,,,,yes,RBGE_000021,
bryophyte,Moss,Brachytheciaceae,Rhynchostegiella,teneriffae,,dtol,,,,,,,
bryophyte,Moss,Brachytheciaceae,Rhynchostegium,alopecuroides,,dtol,,,,,,,
bryophyte,Moss,Brachytheciaceae,Rhynchostegium,confertum,,dtol,,,,,,,
bryophyte,Moss,Brachytheciaceae,Rhynchostegium,megapolitanum,,dtol,,,,,,,
bryophyte,Moss,Brachytheciaceae,Rhynchostegium,murale,,dtol,,,,,,,
bryophyte,Moss,Brachytheciaceae,Rhynchostegium,riparioides,,dtol,,,,yes,,RBGE_000013,
bryophyte,Moss,Brachytheciaceae,Rhynchostegium,rotundifolium,,dtol,,,,,,,
bryophyte,Moss,Brachytheciaceae,Sciuro-hypnum,glaciale,,dtol,,,,yes,,RBGE_000019,
bryophyte,Moss,Brachytheciaceae,Sciuro-hypnum,plumosum,,dtol,,,,yes,,RBGE_000013,
bryophyte,Moss,Brachytheciaceae,Sciuro-hypnum,populeum,,dtol,,,,,yes,,
bryophyte,Moss,Brachytheciaceae,Sciuro-hypnum,reflexum,,dtol,,,,,,,
bryophyte,Moss,Brachytheciaceae,Sciuro-hypnum,starkei,,dtol,,,,,,,
bryophyte,Moss,Brachytheciaceae,Scleropodium,cespitans,,dtol,,,,,,,
bryophyte,Moss,Brachytheciaceae,Scleropodium,touretii,,dtol,,,,,,,
bryophyte,Moss,Brachytheciaceae,Scorpiurium,circinatum,,dtol,,,,,,,
bryophyte,Moss,Bruchiaceae,Bruchia,vogesiaca,,dtol_family_representative,yes,,,,,,"One site in Cornwall, not seen since 2007"
bryophyte,Moss,Bruchiaceae,Trematodon,ambiguus,,dtol,,,,,,,One pre-1950 record (Highlands)
bryophyte,Moss,Bryaceae,Bryum,algovicum,,dtol,,,,,,,
bryophyte,Moss,Bryaceae,Bryum,alpinum,,dtol_family_representative,yes,yes,,,,RBGE_000016,
bryophyte,Moss,Bryaceae,Bryum,apiculatum,,dtol,,,,,,,
bryophyte,Moss,Bryaceae,Bryum,archangelicum,,dtol,,,,,,,
bryophyte,Moss,Bryaceae,Bryum,arcticum,,dtol,,,,,,,
bryophyte,Moss,Bryaceae,Bryum,argenteum,,dtol,,,,,,,
bryophyte,Moss,Bryaceae,Bryum,bornholmense,,dtol,,,,,,,
bryophyte,Moss,Bryaceae,Bryum,caespiticium,,dtol,,,,,,,
bryophyte,Moss,Bryaceae,Bryum,calophyllum,,dtol,,,,,,,
bryophyte,Moss,Bryaceae,Bryum,canariense,,dtol,,,,,,,
bryophyte,Moss,Bryaceae,Bryum,capillare,,dtol,,,,yes,,,
bryophyte,Moss,Bryaceae,Bryum,concinnatum,,dtol,,,,,,,
bryophyte,Moss,Bryaceae,Bryum,creberrimum,,dtol,,,,,,,
bryophyte,Moss,Bryaceae,Bryum,cyclophyllum,,dtol,,,,,,,
bryophyte,Moss,Bryaceae,Bryum,demissum,,dtol,,,,,,,
bryophyte,Moss,Bryaceae,Bryum,dichotomum,,dtol,,,,,,,
bryophyte,Moss,Bryaceae,Bryum,dixonii,,dtol,,,,,,,
bryophyte,Moss,Bryaceae,Bryum,donianum,,dtol,,,,,,,
bryophyte,Moss,Bryaceae,Bryum,dyffrynense,,dtol,,,,,,,
bryophyte,Moss,Bryaceae,Bryum,elegans,,dtol,,,,,,,
bryophyte,Moss,Bryaceae,Bryum,gemmiferum,,dtol,,,,,,,
bryophyte,Moss,Bryaceae,Bryum,gemmilucens,,dtol,,,,,,,
bryophyte,Moss,Bryaceae,Bryum,gemmiparum,,dtol,,,,,,,
bryophyte,Moss,Bryaceae,Bryum,intermedium,,dtol,,,,,,,
bryophyte,Moss,Bryaceae,Bryum,julaceum,,dtol_other_priority,yes,,,yes,,RBGE_000016,
bryophyte,Moss,Bryaceae,Bryum,klinggraeffii,,dtol,,,,,,,
bryophyte,Moss,Bryaceae,Bryum,knowltonii,,dtol,,,,,,,
bryophyte,Moss,Bryaceae,Bryum,kunzei,,dtol,,,,,,,
bryophyte,Moss,Bryaceae,Bryum,marratii,,dtol,,,,,,,
bryophyte,Moss,Bryaceae,Bryum,mildeanum,,dtol,,,,,,,
bryophyte,Moss,Bryaceae,Bryum,moravicum,,dtol,,,,,yes,,
bryophyte,Moss,Bryaceae,Bryum,muehlenbeckii,,dtol,,,,,,,
bryophyte,Moss,Bryaceae,Bryum,pallens,,dtol,,,,yes,,,
bryophyte,Moss,Bryaceae,Bryum,pallescens,,dtol,,,,,,,
bryophyte,Moss,Bryaceae,Bryum,pseudotriquetrum,,dtol,,,,yes,,,
bryophyte,Moss,Bryaceae,Bryum,radiculosum,,dtol,,,,,,,
bryophyte,Moss,Bryaceae,Bryum,riparium,,dtol,,,,,,,
bryophyte,Moss,Bryaceae,Bryum,rubens,,dtol,,,,,,,
bryophyte,Moss,Bryaceae,Bryum,ruderale,,dtol,,,,,,,
bryophyte,Moss,Bryaceae,Bryum,salinum,,dtol,,,,,,,
bryophyte,Moss,Bryaceae,Bryum,sauteri,,dtol,,,,,,,
bryophyte,Moss,Bryaceae,Bryum,schleicheri,,dtol,,,,,,,
bryophyte,Moss,Bryaceae,Bryum,subapiculatum,,dtol,,,,,,,
bryophyte,Moss,Bryaceae,Bryum,tenuisetum,,dtol,,,,,,,
bryophyte,Moss,Bryaceae,Bryum,torquescens,,dtol,,,,,,,
bryophyte,Moss,Bryaceae,Bryum,turbinatum,,dtol,,,,,,,
bryophyte,Moss,Bryaceae,Bryum,uliginosum,,dtol,,,,,,,
bryophyte,Moss,Bryaceae,Bryum,valparaisense,,dtol,,,,,,,
bryophyte,Moss,Bryaceae,Bryum,violaceum,,dtol,,,,,,,
bryophyte,Moss,Bryaceae,Bryum,warneum,,dtol,,,,,,,
bryophyte,Moss,Bryaceae,Bryum,weigelii,,dtol,,,,yes,,,
bryophyte,Moss,Bryaceae,Bryum,zieri,,dtol,,,,,,,
bryophyte,Moss,Bryaceae,Rhodobryum,roseum,,dtol,,,,,,,
bryophyte,Moss,Buxbaumiaceae,Buxbaumia,aphylla,,dtol_family_representative,yes,,,,,,Very rare and tiny -- may require culturing
bryophyte,Moss,Buxbaumiaceae,Buxbaumia,viridis,,dtol_other_priority,yes,,,,,,Very rare and tiny -- may require culturing
bryophyte,Moss,Calliergonaceae,Calliergon,cordifolium,,dtol,,,,,yes,,
bryophyte,Moss,Calliergonaceae,Calliergon,giganteum,,dtol,,,,,,,
bryophyte,Moss,Calliergonaceae,Sarmentypnum,exannulatum,,dtol_family_representative,yes,yes,,,,,
bryophyte,Moss,Calliergonaceae,Sarmentypnum,sarmentosum,,dtol_other_priority,yes,,,yes,,RBGE_000016,
bryophyte,Moss,Calliergonaceae,Straminergon,stramineum,,dtol,,,,yes,,RBGE_000014,
bryophyte,Moss,Calliergonaceae,Warnstorfia,fluitans,,dtol,,,,,,,
bryophyte,Moss,Catoscopiaceae,Catoscopium,nigritum,,dtol_family_representative,yes,,,,,,"Generally rare, but can form quite extensive carpets in dune slacks"
bryophyte,Moss,Climaciaceae,Climacium,dendroides,,dtol_family_representative,yes,,,yes,,RBGE_000013,
bryophyte,Moss,Cryphaeaceae,Cryphaea,heteromalla,,dtol_family_representative,yes,,,,yes,,
bryophyte,Moss,Cryphaeaceae,Dendrocryphaea,lamyana,,dtol,,,,,,,Very rare (15 hectads SW)
bryophyte,Moss,Daltoniaceae,Achrophyllum,dentatum,,dtol,,,,,,,Very rare (1 hectad Cornwall)
bryophyte,Moss,Daltoniaceae,Calyptrochaeta,apiculata,,dtol,,,,,,,Very rare (3 hectads south)
bryophyte,Moss,Daltoniaceae,Daltonia,splachnoides,,dtol_family_representative,yes,,,,yes,,"Very rare and very small, 10 recent hectads in W Scotland and Wales, 35 in Ireland"
bryophyte,Moss,Dicranaceae,Dicranoloma,menziesii,,dtol,,,,,,,Very rare (1 hectad Ireland)
bryophyte,Moss,Dicranaceae,Dicranum,bonjeanii,,dtol,,,,,,,
bryophyte,Moss,Dicranaceae,Dicranum,elongatum,,dtol,,,,,,,
bryophyte,Moss,Dicranaceae,Dicranum,flagellare,,dtol,,,,,,,
bryophyte,Moss,Dicranaceae,Dicranum,flexicaule,,dtol,,,,yes,,,
bryophyte,Moss,Dicranaceae,Dicranum,fuscescens,,dtol,,,,,yes,,
bryophyte,Moss,Dicranaceae,Dicranum,leioneuron,,dtol,,,,,,,
bryophyte,Moss,Dicranaceae,Dicranum,majus,,dtol_other_priority,yes,,,yes,,RBGE_000013,
bryophyte,Moss,Dicranaceae,Dicranum,montanum,,dtol,,,,,,,
bryophyte,Moss,Dicranaceae,Dicranum,polysetum,,dtol,,,,,,,
bryophyte,Moss,Dicranaceae,Dicranum,scoparium,,dtol_family_representative,yes,yes,,,,RBGE_000013,
bryophyte,Moss,Dicranaceae,Dicranum,scottianum,,dtol,,,,,yes,,
bryophyte,Moss,Dicranaceae,Dicranum,spadiceum,,dtol,,,,,,,
bryophyte,Moss,Dicranaceae,Dicranum,spurium,,dtol,,,,,,,
bryophyte,Moss,Dicranaceae,Dicranum,tauricum,,dtol,,,,,yes,RBGE_000021,
bryophyte,Moss,Dicranaceae,Dicranum,undulatum,,dtol,,,,,,,
bryophyte,Moss,Dicranaceae,Paraleucobryum,longifolium,,dtol,,,,,,,Very rare (10 hectads Scotland)
bryophyte,Moss,Dicranellaceae,Dicranella,cerviculata,,dtol,,,,,,,
bryophyte,Moss,Dicranellaceae,Dicranella,crispa,,dtol,,,,,,,
bryophyte,Moss,Dicranellaceae,Dicranella,grevilleana,,dtol,,,,,,,
bryophyte,Moss,Dicranellaceae,Dicranella,heteromalla,,dtol_family_representative,yes,yes,,,,,
bryophyte,Moss,Dicranellaceae,Dicranella,howei,,dtol,,,,,,,
bryophyte,Moss,Dicranellaceae,Dicranella,rufescens,,dtol,,,,,,,
bryophyte,Moss,Dicranellaceae,Dicranella,schreberiana,,dtol,,,,,,,
bryophyte,Moss,Dicranellaceae,Dicranella,staphylina,,dtol,,,,,,,
bryophyte,Moss,Dicranellaceae,Dicranella,subulata,,dtol_other_priority,yes,,,,,,
bryophyte,Moss,Dicranellaceae,Dicranella,varia,,dtol,,,,,,,
bryophyte,Moss,Diphysciaceae,Diphyscium,foliosum,,dtol_family_representative,yes,,,,,,
bryophyte,Moss,Disceliaceae,Discelium,nudum,,dtol_family_representative,yes,,,,,,"Rare, tiny"
bryophyte,Moss,Distichiaceae,Distichium,capillaceum,,dtol_family_representative,yes,,,yes,,RBGE_000014,
bryophyte,Moss,Distichiaceae,Distichium,inclinatum,,dtol,,,,,,,Rare coastal
bryophyte,Moss,Ditrichaceae,Ceratodon,conicus,,dtol,,,,,,,
bryophyte,Moss,Ditrichaceae,Ceratodon,purpureus,,dtol,,,,yes,,RBGE_000014,model moss - genome already available
bryophyte,Moss,Ditrichaceae,Cheilothela,chloropus,,dtol,,,,,,,
bryophyte,Moss,Ditrichaceae,Ditrichum,cornubicum,,dtol,,,,,,,
bryophyte,Moss,Ditrichaceae,Ditrichum,heteromallum,,dtol_family_representative,yes,,,,,,
bryophyte,Moss,Ditrichaceae,Ditrichum,lineare,,dtol,,,,,,,
bryophyte,Moss,Ditrichaceae,Ditrichum,pallidum,,dtol,,,,,,,
bryophyte,Moss,Ditrichaceae,Ditrichum,plumbicola,,dtol,,,,,,,
bryophyte,Moss,Ditrichaceae,Ditrichum,pusillum,,dtol,,,,,,,
bryophyte,Moss,Ditrichaceae,Ditrichum,subulatum,,dtol,,,,,,,
bryophyte,Moss,Ditrichaceae,Ditrichum,zonatum,,dtol,,,,,,,
bryophyte,Moss,Ditrichaceae,Pleuridium,acuminatum,,dtol,,,,,yes,,
bryophyte,Moss,Ditrichaceae,Pleuridium,subulatum,,dtol,,,,,,,
bryophyte,Moss,Ditrichaceae,Pseudephemerum,nitidum,,dtol,,,,,,,
bryophyte,Moss,Ditrichaceae,Trichodon,cylindricus,,dtol_other_priority,yes,,,yes,,RBGE_000019,
bryophyte,Moss,Encalyptaceae,Encalypta,alpina,,dtol,,,,,,,
bryophyte,Moss,Encalyptaceae,Encalypta,brevicolla,,dtol,,,,,,,
bryophyte,Moss,Encalyptaceae,Encalypta,ciliata,,dtol_other_priority,yes,,,yes,,RBGE_000019,
bryophyte,Moss,Encalyptaceae,Encalypta,pilifera,,dtol,,,,,,,
bryophyte,Moss,Encalyptaceae,Encalypta,rhaptocarpa,,dtol,,,,,,,
bryophyte,Moss,Encalyptaceae,Encalypta,streptocarpa,,dtol_family_representative,yes,yes,,,,RBGE_0003,
bryophyte,Moss,Encalyptaceae,Encalypta,vulgaris,,dtol,,,,,,,
bryophyte,Moss,Entodontaceae,Entodon,concinnus,,dtol_family_representative,yes,,,yes,,RBGE_000013,Usually present in small quantity
bryophyte,Moss,Fissidentaceae,Fissidens,adianthoides,,dtol_family_representative,yes,,,yes,,RBGE_000013,
bryophyte,Moss,Fissidentaceae,Fissidens,bryoides,,dtol,,,,yes,,,
bryophyte,Moss,Fissidentaceae,Fissidens,celticus,,dtol,,,,,,,
bryophyte,Moss,Fissidentaceae,Fissidens,crassipes,,dtol,,,,,,,
bryophyte,Moss,Fissidentaceae,Fissidens,crispus,,dtol,,,,,,,
bryophyte,Moss,Fissidentaceae,Fissidens,curvatus,,dtol,,,,,,,
bryophyte,Moss,Fissidentaceae,Fissidens,dubius,,dtol,,,,,,,
bryophyte,Moss,Fissidentaceae,Fissidens,exilis,,dtol,,,,,,,
bryophyte,Moss,Fissidentaceae,Fissidens,fontanus,,dtol,,,,,,,
bryophyte,Moss,Fissidentaceae,Fissidens,gracilifolius,,dtol,,,,,,,
bryophyte,Moss,Fissidentaceae,Fissidens,incurvus,,dtol,,,,,,,
bryophyte,Moss,Fissidentaceae,Fissidens,monguillonii,,dtol,,,,,,,
bryophyte,Moss,Fissidentaceae,Fissidens,osmundoides,,dtol_other_priority,yes,yes,,,,RBGE_0002,
bryophyte,Moss,Fissidentaceae,Fissidens,polyphyllus,,dtol,,,,,,,
bryophyte,Moss,Fissidentaceae,Fissidens,pusillus,,dtol,,,,,,,
bryophyte,Moss,Fissidentaceae,Fissidens,rivularis,,dtol,,,,,,,
bryophyte,Moss,Fissidentaceae,Fissidens,rufulus,,dtol,,,,,,,
bryophyte,Moss,Fissidentaceae,Fissidens,serrulatus,,dtol,,,,,,,
bryophyte,Moss,Fissidentaceae,Fissidens,taxifolius,,dtol,,,,yes,,,
bryophyte,Moss,Fissidentaceae,Fissidens,viridulus,,dtol,,,,,,,
bryophyte,Moss,Flexitrichaceae,Flexitrichum,flexicaule,,dtol_other_priority,yes,,,,,,
bryophyte,Moss,Flexitrichaceae,Flexitrichum,gracile,,dtol_family_representative,yes,,,yes,,,
bryophyte,Moss,Fontinalaceae,Fontinalis,antipyretica,,dtol_family_representative,yes,yes,,,,RBGE_0002,
bryophyte,Moss,Fontinalaceae,Fontinalis,squamosa,,dtol_other_priority,yes,,,yes,,RBGE_000014,
bryophyte,Moss,Funariaceae,Entosthodon,attenuatus,,dtol,,,,,,,
bryophyte,Moss,Funariaceae,Entosthodon,fascicularis,,dtol,,,,,,,
bryophyte,Moss,Funariaceae,Entosthodon,mouretii,,dtol,,,,,,,
bryophyte,Moss,Funariaceae,Entosthodon,muhlenbergii,,dtol,,,,,,,
bryophyte,Moss,Funariaceae,Entosthodon,obtusus,,dtol,,,,,,,
bryophyte,Moss,Funariaceae,Entosthodon,pulchellus,,dtol,,,,,,,
bryophyte,Moss,Funariaceae,Funaria,hygrometrica,,dtol_family_representative,yes,,,yes,,,
bryophyte,Moss,Funariaceae,Physcomitrium,eurystomum,,dtol,,,,,,,
bryophyte,Moss,Funariaceae,Physcomitrium,patens,,dtol,,,,,,,established evo-devo model; genome sequenced
bryophyte,Moss,Funariaceae,Physcomitrium,pyriforme,,dtol_other_priority,yes,,,,,,
bryophyte,Moss,Funariaceae,Physcomitrium,readeri,,dtol,,,,,,,
bryophyte,Moss,Funariaceae,Physcomitrium,sphaericum,,dtol,,,,,,,
bryophyte,Moss,Grimmiaceae,Coscinodon,cribrosus,,dtol,,,,,,,
bryophyte,Moss,Grimmiaceae,Grimmia,alpestris,,dtol,,,,,,,
bryophyte,Moss,Grimmiaceae,Grimmia,anodon,,dtol,,,,,,,
bryophyte,Moss,Grimmiaceae,Grimmia,anomala,,dtol,,,,,,,
bryophyte,Moss,Grimmiaceae,Grimmia,arenaria,,dtol,,,,,,,
bryophyte,Moss,Grimmiaceae,Grimmia,atrata,,dtol,,,,,,,
bryophyte,Moss,Grimmiaceae,Grimmia,crinita,,dtol,,,,,,,
bryophyte,Moss,Grimmiaceae,Grimmia,decipiens,,dtol,,,,,,,
bryophyte,Moss,Grimmiaceae,Grimmia,dissimulata,,dtol,,,,,,,
bryophyte,Moss,Grimmiaceae,Grimmia,donniana,,dtol,,,,,,,
bryophyte,Moss,Grimmiaceae,Grimmia,elatior,,dtol,,,,,,,
bryophyte,Moss,Grimmiaceae,Grimmia,elongata,,dtol,,,,,,,
bryophyte,Moss,Grimmiaceae,Grimmia,funalis,,dtol,,,,yes,,RBGE_000014,
bryophyte,Moss,Grimmiaceae,Grimmia,hartmanii,,dtol,,,,,,,
bryophyte,Moss,Grimmiaceae,Grimmia,incurva,,dtol,,,,,,,
bryophyte,Moss,Grimmiaceae,Grimmia,laevigata,,dtol,,,,,,,
bryophyte,Moss,Grimmiaceae,Grimmia,lisae,,dtol,,,,,,,
bryophyte,Moss,Grimmiaceae,Grimmia,longirostris,,dtol,,,,,,,
bryophyte,Moss,Grimmiaceae,Grimmia,montana,,dtol,,,,,,,
bryophyte,Moss,Grimmiaceae,Grimmia,muehlenbeckii,,dtol,,,,,,,
bryophyte,Moss,Grimmiaceae,Grimmia,orbicularis,,dtol,,,,,,,
bryophyte,Moss,Grimmiaceae,Grimmia,ovalis,,dtol,,,,,,,
bryophyte,Moss,Grimmiaceae,Grimmia,pulvinata,,dtol,,,,yes,,RBGE_000021,
bryophyte,Moss,Grimmiaceae,Grimmia,ramondii,,dtol_other_priority,yes,yes,,,,RBGE_0003,
bryophyte,Moss,Grimmiaceae,Grimmia,reflexidens,,dtol,,,,,,,
bryophyte,Moss,Grimmiaceae,Grimmia,tergestina,,dtol,,,,,,,
bryophyte,Moss,Grimmiaceae,Grimmia,torquata,,dtol,,,,,,,
bryophyte,Moss,Grimmiaceae,Grimmia,trichophylla,,dtol,,,,,,,
bryophyte,Moss,Grimmiaceae,Grimmia,unicolor,,dtol,,,,,,,
bryophyte,Moss,Grimmiaceae,Racomitrium,aciculare,,dtol,,,,,yes,,
bryophyte,Moss,Grimmiaceae,Racomitrium,affine,,dtol,,,,,,,
bryophyte,Moss,Grimmiaceae,Racomitrium,aquaticum,,dtol,,,,,yes,,
bryophyte,Moss,Grimmiaceae,Racomitrium,canescens,,dtol,,,,,,,
bryophyte,Moss,Grimmiaceae,Racomitrium,ellipticum,,dtol,,,,,,,
bryophyte,Moss,Grimmiaceae,Racomitrium,elongatum,,dtol,,,,,,,
bryophyte,Moss,Grimmiaceae,Racomitrium,ericoides,,dtol,,,,,yes,,
bryophyte,Moss,Grimmiaceae,Racomitrium,fasciculare,,dtol,,,,,yes,,
bryophyte,Moss,Grimmiaceae,Racomitrium,heterostichum,,dtol,,,,,yes,,
bryophyte,Moss,Grimmiaceae,Racomitrium,himalayanum,,dtol,,,,,,,
bryophyte,Moss,Grimmiaceae,Racomitrium,lanuginosum,,dtol_family_representative,yes,yes,,,,RBGE_0002,
bryophyte,Moss,Grimmiaceae,Racomitrium,macounii,,dtol,,,,,,,
bryophyte,Moss,Grimmiaceae,Racomitrium,obtusum,,dtol,,,,,,,
bryophyte,Moss,Grimmiaceae,Racomitrium,sudeticum,,dtol,,,,,,,
bryophyte,Moss,Grimmiaceae,Schistidium,agassizii,,dtol,,,,,,,
bryophyte,Moss,Grimmiaceae,Schistidium,apocarpum,,dtol,,,,,,,
bryophyte,Moss,Grimmiaceae,Schistidium,atrofuscum,,dtol,,,,,,,
bryophyte,Moss,Grimmiaceae,Schistidium,confertum,,dtol,,,,,,,
bryophyte,Moss,Grimmiaceae,Schistidium,crassipilum,,dtol,,,,yes,,,
bryophyte,Moss,Grimmiaceae,Schistidium,dupretii,,dtol,,,,,,,
bryophyte,Moss,Grimmiaceae,Schistidium,elegantulum,,dtol,,,,,,,
bryophyte,Moss,Grimmiaceae,Schistidium,flaccidum,,dtol,,,,,,,
bryophyte,Moss,Grimmiaceae,Schistidium,flexipile,,dtol,,,,,,,
bryophyte,Moss,Grimmiaceae,Schistidium,frigidum,,dtol,,,,,,,
bryophyte,Moss,Grimmiaceae,Schistidium,helveticum,,dtol,,,,,,,
bryophyte,Moss,Grimmiaceae,Schistidium,maritimum,,dtol,,,,,,,
bryophyte,Moss,Grimmiaceae,Schistidium,papillosum,,dtol,,,,,,,
bryophyte,Moss,Grimmiaceae,Schistidium,platyphyllum,,dtol,,,,,,,
bryophyte,Moss,Grimmiaceae,Schistidium,pruinosum,,dtol,,,,,,,
bryophyte,Moss,Grimmiaceae,Schistidium,rivulare,,dtol,,,,,yes,,
bryophyte,Moss,Grimmiaceae,Schistidium,robustum,,dtol,,,,,,,
bryophyte,Moss,Grimmiaceae,Schistidium,strictum,,dtol,,yes,,,,RBGE_0003,
bryophyte,Moss,Grimmiaceae,Schistidium,trichodon,,dtol,,,,,,,
bryophyte,Moss,Habrodontaceae,Habrodon,perpusillus,,dtol_family_representative,yes,,,,,,"Very rare, tiny"
bryophyte,Moss,Hedwigiaceae,Braunia,imberbis,,dtol,,,,,,,
bryophyte,Moss,Hedwigiaceae,Hedwigia,ciliata,,dtol_family_representative,yes,,,,,,
bryophyte,Moss,Hedwigiaceae,Hedwigia,stellata,,dtol_other_priority,yes,,,yes,,,
bryophyte,Moss,Hedwigiaceae,Hedwigia,striata,,dtol,,,,,,,
bryophyte,Moss,Heterocladiellaceae,Heterocladiella,dimorpha,,dtol_family_representative,yes,,,,,,Very rare
bryophyte,Moss,Hookeriaceae,Hookeria,lucens,,dtol_family_representative,yes,,,yes,,RBGE_000014,
bryophyte,Moss,Hylocomiaceae,Hageniella,micans,,dtol,,,,,,,
bryophyte,Moss,Hylocomiaceae,Hylocomiadelphus,triquetrus,,dtol_family_representative,yes,yes,,,,"RBGE_0003, 0004, 000009",
bryophyte,Moss,Hylocomiaceae,Hylocomiastrum,pyrenaicum,,dtol,,,,,,,
bryophyte,Moss,Hylocomiaceae,Hylocomiastrum,umbratum,,dtol,,,,,yes,,
bryophyte,Moss,Hylocomiaceae,Hylocomium,splendens,,dtol,,yes,,,,RBGE_0002,
bryophyte,Moss,Hylocomiaceae,Loeskeobryum,brevirostre,,dtol,,,,,yes,,
bryophyte,Moss,Hylocomiaceae,Pleurozium,schreberi,,dtol,,yes,,,,RBGE_0002,
bryophyte,Moss,Hylocomiaceae,Rhytidiadelphus,loreus,,dtol,,yes,,,,RBGE_0003,
bryophyte,Moss,Hylocomiaceae,Rhytidiadelphus,squarrosus,,dtol_other_priority,yes,yes,,,,RBGE_0002,
bryophyte,Moss,Hylocomiaceae,Rhytidiadelphus,subpinnatus,,dtol,,,,,,,
bryophyte,Moss,Hymenolomataceae,Hymenoloma,crispulum,,dtol,,,,yes,,RBGE_000021,
bryophyte,Moss,Hypnaceae,Hypnum,andoi,,dtol_other_priority,yes,yes,,,,RBGE_0003,
bryophyte,Moss,Hypnaceae,Hypnum,cupressiforme,,dtol_family_representative,yes,yes,,,,RBGE_0003,
bryophyte,Moss,Hypnaceae,Hypnum,imponens,,dtol,,,,,,,
bryophyte,Moss,Hypnaceae,Hypnum,jutlandicum,,dtol,,,,,,,
bryophyte,Moss,Hypnaceae,Hypnum,uncinulatum,,dtol,,,,,,,
bryophyte,Moss,Lembophyllaceae,Heterocladium,flaccidum,,dtol,,,,,,,
bryophyte,Moss,Lembophyllaceae,Heterocladium,heteropterum,,dtol,,,,yes,,RBGE_000021,
bryophyte,Moss,Lembophyllaceae,Heterocladium,wulfsbergii,,dtol,,,,,,,
bryophyte,Moss,Lembophyllaceae,Isothecium,alopecuroides,,dtol_family_representative,yes,yes,,,,RBGE_0003,
bryophyte,Moss,Lembophyllaceae,Isothecium,holtii,,dtol,,,,,,,
bryophyte,Moss,Lembophyllaceae,Isothecium,interludens,,dtol,,,,,,,
bryophyte,Moss,Lembophyllaceae,Isothecium,myosuroides,,dtol_other_priority,yes,yes,,,,RBGE_0003,
bryophyte,Moss,Leskeaceae,Leskea,polycarpa,,dtol_family_representative,yes,,,,,,
bryophyte,Moss,Leucobryaceae,Campylopus,atrovirens,,dtol_other_priority,yes,yes,,,,RBGE_0002,
bryophyte,Moss,Leucobryaceae,Campylopus,brevipilus,,dtol,,,,,,,
bryophyte,Moss,Leucobryaceae,Campylopus,flexuosus,,dtol,,,,yes,,,
bryophyte,Moss,Leucobryaceae,Campylopus,fragilis,,dtol,,,,,,,
bryophyte,Moss,Leucobryaceae,Campylopus,gracilis,,dtol,,,,,,,
bryophyte,Moss,Leucobryaceae,Campylopus,introflexus,,dtol,,,,,,,
bryophyte,Moss,Leucobryaceae,Campylopus,pilifer,,dtol,,,,,,,
bryophyte,Moss,Leucobryaceae,Campylopus,pyriformis,,dtol,,,,,,,
bryophyte,Moss,Leucobryaceae,Campylopus,schimperi,,dtol,,,,,,,
bryophyte,Moss,Leucobryaceae,Campylopus,setifolius,,dtol,,,,,,,
bryophyte,Moss,Leucobryaceae,Campylopus,shawii,,dtol,,,,,,,
bryophyte,Moss,Leucobryaceae,Campylopus,subulatus,,dtol,,,,,,,
bryophyte,Moss,Leucobryaceae,Dicranodontium,asperulum,,dtol,,,,,,,
bryophyte,Moss,Leucobryaceae,Dicranodontium,denudatum,,dtol,,,,,yes,,
bryophyte,Moss,Leucobryaceae,Dicranodontium,subporodictyon,,dtol,,,,,yes,,
bryophyte,Moss,Leucobryaceae,Dicranodontium,uncinatum,,dtol,,,,,,,
bryophyte,Moss,Leucobryaceae,Leucobryum,glaucum,,dtol_family_representative,yes,,,yes,,RBGE_000013,
bryophyte,Moss,Leucobryaceae,Leucobryum,juniperoideum,,dtol,,,,,yes,,
bryophyte,Moss,Leucodontaceae,Leucodon,sciuroides,,dtol_family_representative,yes,,,yes,,RBGE_000019,Robust plants recorded as var. morensis
bryophyte,Moss,Leucodontaceae,Nogopterium,gracile,,dtol_other_priority,yes,,,,,,
bryophyte,Moss,Meesiaceae,Amblyodon,dealbatus,,dtol,,,,,,,
bryophyte,Moss,Meesiaceae,Leptobryum,pyriforme,,dtol_other_priority,yes,,,,,,
bryophyte,Moss,Meesiaceae,Meesia,triquetra,,dtol,,,,,,,Very rare
bryophyte,Moss,Meesiaceae,Meesia,uliginosa,,dtol_family_representative,yes,,,yes,,RBGE_000014,
bryophyte,Moss,Meesiaceae,Paludella,squarrosa,,dtol,,,,,,,Large but very rare
bryophyte,Moss,Micromitriaceae,Micromitrium,tenerum,,dtol_family_representative,yes,,,,,,"Very rare, tiny"
bryophyte,Moss,Mniaceae,Cinclidium,stygium,,dtol,,,,,,,
bryophyte,Moss,Mniaceae,Epipterygium,tozeri,,dtol,,,,,,,
bryophyte,Moss,Mniaceae,Mielichhoferia,elongata,,dtol,,,,,,,
bryophyte,Moss,Mniaceae,Mielichhoferia,mielichhoferiana,,dtol,,,,,,,
bryophyte,Moss,Mniaceae,Mnium,hornum,,dtol_family_representative,yes,yes,,,,RBGE_0002,
bryophyte,Moss,Mniaceae,Mnium,lycopodioides,,dtol,,,,,,,
bryophyte,Moss,Mniaceae,Mnium,marginatum,,dtol,,,,,,,
bryophyte,Moss,Mniaceae,Mnium,spinosum,,dtol,,,,,,,
bryophyte,Moss,Mniaceae,Mnium,stellare,,dtol,,,,yes,,,
bryophyte,Moss,Mniaceae,Mnium,thomsonii,,dtol,,,,,,,
bryophyte,Moss,Mniaceae,Plagiomnium,affine,,dtol,,,,,,,
bryophyte,Moss,Mniaceae,Plagiomnium,cuspidatum,,dtol,,,,,,,
bryophyte,Moss,Mniaceae,Plagiomnium,elatum,,dtol,,,,,,,
bryophyte,Moss,Mniaceae,Plagiomnium,ellipticum,,dtol,,,,,yes,,
bryophyte,Moss,Mniaceae,Plagiomnium,medium,,dtol,,,,,,,
bryophyte,Moss,Mniaceae,Plagiomnium,rostratum,,dtol,,,,,,,
bryophyte,Moss,Mniaceae,Plagiomnium,undulatum,,dtol_other_priority,yes,yes,,,,RBGE_0002,
bryophyte,Moss,Mniaceae,Pohlia,andalusica,,dtol,,,,,,,
bryophyte,Moss,Mniaceae,Pohlia,annotina,,dtol,,,,,yes,,
bryophyte,Moss,Mniaceae,Pohlia,bulbifera,,dtol,,,,,,,
bryophyte,Moss,Mniaceae,Pohlia,camptotrachela,,dtol,,,,,,,
bryophyte,Moss,Mniaceae,Pohlia,cruda,,dtol,,,,,,,
bryophyte,Moss,Mniaceae,Pohlia,crudoides,,dtol,,,,,,,
bryophyte,Moss,Mniaceae,Pohlia,drummondii,,dtol,,,,,,,
bryophyte,Moss,Mniaceae,Pohlia,elongata,,dtol,,,,,,,
bryophyte,Moss,Mniaceae,Pohlia,filum,,dtol,,,,,,,
bryophyte,Moss,Mniaceae,Pohlia,flexuosa,,dtol,,,,,,,
bryophyte,Moss,Mniaceae,Pohlia,lescuriana,,dtol,,,,,,,
bryophyte,Moss,Mniaceae,Pohlia,ludwigii,,dtol,,,,,,,
bryophyte,Moss,Mniaceae,Pohlia,lutescens,,dtol,,,,,,,
bryophyte,Moss,Mniaceae,Pohlia,melanodon,,dtol,,,,,,,
bryophyte,Moss,Mniaceae,Pohlia,nutans,,dtol,,,,,,,
bryophyte,Moss,Mniaceae,Pohlia,obtusifolia,,dtol,,,,,,,
bryophyte,Moss,Mniaceae,Pohlia,proligera,,dtol,,,,,,,
bryophyte,Moss,Mniaceae,Pohlia,scotica,,dtol,,,,,,,
bryophyte,Moss,Mniaceae,Pohlia,wahlenbergii,,dtol,,,,,,,
bryophyte,Moss,Mniaceae,Pseudobryum,cinclidioides,,dtol,,,,yes,,RBGE_000019,
bryophyte,Moss,Mniaceae,Rhizomnium,magnifolium,,dtol,,,,,,,
bryophyte,Moss,Mniaceae,Rhizomnium,pseudopunctatum,,dtol,,,,,,,
bryophyte,Moss,Mniaceae,Rhizomnium,punctatum,,dtol,,,,yes,,RBGE_000014,
bryophyte,Moss,Myriniaceae,Myrinia,pulvinata,,dtol_family_representative,yes,,,,,,Rare; only species in family
bryophyte,Moss,Myuriaceae,Ctenidium,molluscum,,dtol_family_representative,yes,yes,,,,RBGE_0003,
bryophyte,Moss,Myuriaceae,Hyocomium,armoricum,,dtol_other_priority,yes,,,,yes,,
bryophyte,Moss,Myuriaceae,Myurium,hochstetteri,,dtol,,,,,,,
bryophyte,Moss,Neckeraceae,Homalia,trichomanoides,,dtol,,,,,,,
bryophyte,Moss,Neckeraceae,Neckera,complanata,,dtol,,,,,yes,,Alleniella
bryophyte,Moss,Neckeraceae,Neckera,crispa,,dtol,,yes,,,,RBGE_000016,
bryophyte,Moss,Neckeraceae,Neckera,pennata,,dtol,,,,,,,
bryophyte,Moss,Neckeraceae,Neckera,pumila,,dtol_family_representative,yes,yes,,,,RBGE_0003,
bryophyte,Moss,Neckeraceae,Neckera,smithii,,dtol,,,,,,,
bryophyte,Moss,Neckeraceae,Pseudanomodon,attenuatus,,dtol,,,,,,,
bryophyte,Moss,Neckeraceae,Thamnobryum,alopecurum,,dtol_other_priority,yes,yes,,,,RBGE_0003,
bryophyte,Moss,Neckeraceae,Thamnobryum,angustifolium,,dtol,,,,,,,
bryophyte,Moss,Neckeraceae,Thamnobryum,cataractarum,,dtol,,,,,,,
bryophyte,Moss,Neckeraceae,Thamnobryum,maderense,,dtol,,,,,,,
bryophyte,Moss,Oedipodiaceae,Oedipodium,griffithianum,,dtol_family_representative,yes,,,,,,
bryophyte,Moss,Orthodontiaceae,Leptotheca,gaudichaudii,,dtol,,,,,,,Very rare SW
bryophyte,Moss,Orthodontiaceae,Orthodontium,gracile,,dtol,,,,,,,difficult to get UK material
bryophyte,Moss,Orthodontiaceae,Orthodontium,lineare,,dtol_family_representative,yes,,,yes,,RBGE_000021,
bryophyte,Moss,Orthotrichaceae,Codonoblepharon,forsteri,,dtol,,,,,,,
bryophyte,Moss,Orthotrichaceae,Lewinskya,acuminata,,dtol,,,,,,,
bryophyte,Moss,Orthotrichaceae,Lewinskya,affinis,,dtol,,,,,yes,,
bryophyte,Moss,Orthotrichaceae,Lewinskya,rupestris,,dtol,,,,yes,,RBGE_000021,
bryophyte,Moss,Orthotrichaceae,Lewinskya,shawii,,dtol,,,,,,,
bryophyte,Moss,Orthotrichaceae,Lewinskya,speciosa,,dtol,,,,,,,
bryophyte,Moss,Orthotrichaceae,Lewinskya,striata,,dtol,,,,,yes,,
bryophyte,Moss,Orthotrichaceae,Nyholmiella,gymnostoma,,dtol,,,,,,,
bryophyte,Moss,Orthotrichaceae,Nyholmiella,obtusifolia,,dtol,,,,,,,
bryophyte,Moss,Orthotrichaceae,Orthotrichum,alpestre,,dtol,,,,,,,
bryophyte,Moss,Orthotrichaceae,Orthotrichum,anomalum,,dtol,,,,,,,
bryophyte,Moss,Orthotrichaceae,Orthotrichum,cambrense,,dtol,,,,,,,
bryophyte,Moss,Orthotrichaceae,Orthotrichum,columbicum,,dtol,,,,,,,
bryophyte,Moss,Orthotrichaceae,Orthotrichum,cupulatum,,dtol,,,,,,,
bryophyte,Moss,Orthotrichaceae,Orthotrichum,diaphanum,,dtol,,,,,,,
bryophyte,Moss,Orthotrichaceae,Orthotrichum,pallens,,dtol,,,,,,,
bryophyte,Moss,Orthotrichaceae,Orthotrichum,patens,,dtol,,,,,,,
bryophyte,Moss,Orthotrichaceae,Orthotrichum,pulchellum,,dtol,,,,,yes,,
bryophyte,Moss,Orthotrichaceae,Orthotrichum,pumilum,,dtol,,,,,,,
bryophyte,Moss,Orthotrichaceae,Orthotrichum,rivulare,,dtol,,,,,,,
bryophyte,Moss,Orthotrichaceae,Orthotrichum,rogeri,,dtol,,,,,,,
bryophyte,Moss,Orthotrichaceae,Orthotrichum,scanicum,,dtol,,,,,,,
bryophyte,Moss,Orthotrichaceae,Orthotrichum,schimperi,,dtol,,,,,,,
bryophyte,Moss,Orthotrichaceae,Orthotrichum,sprucei,,dtol,,,,,,,
bryophyte,Moss,Orthotrichaceae,Orthotrichum,stramineum,,dtol,,,,,,,
bryophyte,Moss,Orthotrichaceae,Orthotrichum,tenellum,,dtol,,,,,,,
bryophyte,Moss,Orthotrichaceae,Plenogemma,phyllantha,,dtol,,,,,yes,,
bryophyte,Moss,Orthotrichaceae,Pulvigera,lyellii,,dtol_family_representative,yes,yes,,,,RBGE_0003,
bryophyte,Moss,Orthotrichaceae,Ulota,bruchii,,dtol,,,,,,,
bryophyte,Moss,Orthotrichaceae,Ulota,calvescens,,dtol,,,,,,,
bryophyte,Moss,Orthotrichaceae,Ulota,coarctata,,dtol,,,,,,,
bryophyte,Moss,Orthotrichaceae,Ulota,crispa,,dtol,,,,,yes,RBGE_000021,
bryophyte,Moss,Orthotrichaceae,Ulota,crispula,,dtol,,,,,,,
bryophyte,Moss,Orthotrichaceae,Ulota,drummondii,,dtol,,,,,,,
bryophyte,Moss,Orthotrichaceae,Ulota,hutchinsiae,,dtol,,,,,,,
bryophyte,Moss,Orthotrichaceae,Ulota,intermedia,,dtol,,,,,,,
bryophyte,Moss,Orthotrichaceae,Zygodon,conoideus,,dtol,,,,,,,
bryophyte,Moss,Orthotrichaceae,Zygodon,gracilis,,dtol,,,,,,,
bryophyte,Moss,Orthotrichaceae,Zygodon,rupestris,,dtol,,,,,,,
bryophyte,Moss,Orthotrichaceae,Zygodon,stirtonii,,dtol,,,,,,,
bryophyte,Moss,Orthotrichaceae,Zygodon,viridissimus,,dtol_other_priority,yes,yes,,,,RBGE_0003,
bryophyte,Moss,Pilotrichaceae,Cyclodictyon,laetevirens,,dtol_family_representative,yes,,,,,,Rare; only species in family
bryophyte,Moss,Plagiotheciaceae,Herzogiella,seligeri,,dtol,,,,,,,
bryophyte,Moss,Plagiotheciaceae,Herzogiella,striatella,,dtol,,,,,,,
bryophyte,Moss,Plagiotheciaceae,Isopterygiopsis,muelleriana,,dtol,,,,,,,
bryophyte,Moss,Plagiotheciaceae,Isopterygiopsis,pulchella,,dtol,,,,yes,,RBGE_000021,
bryophyte,Moss,Plagiotheciaceae,Myurella,julacea,,dtol,,,,,,,
bryophyte,Moss,Plagiotheciaceae,Myurella,tenerrima,,dtol,,,,,,,
bryophyte,Moss,Plagiotheciaceae,Orthothecium,intricatum,,dtol,,,,,,,
bryophyte,Moss,Plagiotheciaceae,Orthothecium,rufescens,,dtol,,,,yes,,RBGE_000019,
bryophyte,Moss,Plagiotheciaceae,Plagiothecium,cavifolium,,dtol,,,,,,,
bryophyte,Moss,Plagiotheciaceae,Plagiothecium,curvifolium,,dtol,,,,,,,
bryophyte,Moss,Plagiotheciaceae,Plagiothecium,denticulatum,,dtol_other_priority,yes,yes,,,,RBGE_0003,
bryophyte,Moss,Plagiotheciaceae,Plagiothecium,laetum,,dtol,,,,,,,
bryophyte,Moss,Plagiotheciaceae,Plagiothecium,latebricola,,dtol,,,,,,,
bryophyte,Moss,Plagiotheciaceae,Plagiothecium,nemorale,,dtol,,,,,,,
bryophyte,Moss,Plagiotheciaceae,Plagiothecium,piliferum,,dtol,,,,,,,
bryophyte,Moss,Plagiotheciaceae,Plagiothecium,platyphyllum,,dtol,,,,,,,
bryophyte,Moss,Plagiotheciaceae,Plagiothecium,succulentum,,dtol,,,,,,,
bryophyte,Moss,Plagiotheciaceae,Plagiothecium,undulatum,,dtol_family_representative,yes,yes,,,,,
bryophyte,Moss,Plagiotheciaceae,Platydictya,jungermannioides,,dtol,,,,,,,
bryophyte,Moss,Plagiotheciaceae,Pseudotaxiphyllum,elegans,,dtol,,,,,yes,,
bryophyte,Moss,Polytrichaceae,Atrichum,angustatum,,dtol,,,,,,,
bryophyte,Moss,Polytrichaceae,Atrichum,crispum,,dtol,,,,,,,
bryophyte,Moss,Polytrichaceae,Atrichum,flavisetum,,dtol,,,,,,,
bryophyte,Moss,Polytrichaceae,Atrichum,tenellum,,dtol,,,,,,,
bryophyte,Moss,Polytrichaceae,Atrichum,undulatum,,dtol,,yes,,,,RBGE_0002,
bryophyte,Moss,Polytrichaceae,Oligotrichum,hercynicum,,dtol,,,,yes,,,
bryophyte,Moss,Polytrichaceae,Pogonatum,aloides,,dtol,,,,,yes,,
bryophyte,Moss,Polytrichaceae,Pogonatum,nanum,,dtol,,,,,,,
bryophyte,Moss,Polytrichaceae,Pogonatum,urnigerum,,dtol_other_priority,yes,yes,,,,RBGE_0003,
bryophyte,Moss,Polytrichaceae,Polytrichastrum,alpinum,,dtol,,,,yes,,RBGE_000019,
bryophyte,Moss,Polytrichaceae,Polytrichastrum,sexangulare,,dtol,,,,yes,,RBGE_000019,
bryophyte,Moss,Polytrichaceae,Polytrichum,commune,,dtol_family_representative,yes,yes,,,,"RBGE_0002, 0004, 000009",
bryophyte,Moss,Polytrichaceae,Polytrichum,formosum,,dtol,,,,yes,,RBGE_000013,
bryophyte,Moss,Polytrichaceae,Polytrichum,juniperinum,,dtol,,,,,,,
bryophyte,Moss,Polytrichaceae,Polytrichum,longisetum,,dtol,,,,,,,
bryophyte,Moss,Polytrichaceae,Polytrichum,perigoniale,,dtol,,,,,,,
bryophyte,Moss,Polytrichaceae,Polytrichum,piliferum,,dtol,,,,,,,
bryophyte,Moss,Polytrichaceae,Polytrichum,strictum,,dtol,,,,,yes,,
bryophyte,Moss,Pottiaceae,Acaulon,mediterraneum,,dtol,,,,,,,
bryophyte,Moss,Pottiaceae,Acaulon,muticum,,dtol,,,,,,,
bryophyte,Moss,Pottiaceae,Acaulon,triquetrum,,dtol,,,,,,,
bryophyte,Moss,Pottiaceae,Aloina,aloides,,dtol,,,,,,,
bryophyte,Moss,Pottiaceae,Aloina,ambigua,,dtol,,,,,,,
bryophyte,Moss,Pottiaceae,Aloina,brevirostris,,dtol,,,,,,,
bryophyte,Moss,Pottiaceae,Aloina,rigida,,dtol,,,,,,,
bryophyte,Moss,Pottiaceae,Anoectangium,aestivum,,dtol,,,,yes,,RBGE_000014,
bryophyte,Moss,Pottiaceae,Barbula,unguiculata,,dtol,,,,,,,
bryophyte,Moss,Pottiaceae,Bryoerythrophyllum,caledonicum,,dtol,,,,yes,,RBGE_000019,
bryophyte,Moss,Pottiaceae,Bryoerythrophyllum,ferruginascens,,dtol,,,,yes,,RBGE_000014,
bryophyte,Moss,Pottiaceae,Bryoerythrophyllum,recurvirostrum,,dtol,,,,,,,
bryophyte,Moss,Pottiaceae,Chenia,leptophylla,,dtol,,,,,,,
bryophyte,Moss,Pottiaceae,Chionoloma,cylindrotheca,,dtol,,,,,,,
bryophyte,Moss,Pottiaceae,Chionoloma,hibernicum,,dtol,,,,,,,
bryophyte,Moss,Pottiaceae,Chionoloma,recurvifolium,,dtol,,,,,,,
bryophyte,Moss,Pottiaceae,Chionoloma,tenuirostre,,dtol,,,,yes,,RBGE_000021,
bryophyte,Moss,Pottiaceae,Cinclidotus,fontinaloides,,dtol,,,,,,,
bryophyte,Moss,Pottiaceae,Cinclidotus,riparius,,dtol,,,,,,,
bryophyte,Moss,Pottiaceae,Crossidium,squamiferum,,dtol,,,,,,,
bryophyte,Moss,Pottiaceae,Dialytrichia,mucronata,,dtol,,,,,,,
bryophyte,Moss,Pottiaceae,Dialytrichia,saxicola,,dtol,,,,,,,
bryophyte,Moss,Pottiaceae,Didymodon,acutus,,dtol,,,,,,,
bryophyte,Moss,Pottiaceae,Didymodon,australasiae,,dtol,,,,,,,
bryophyte,Moss,Pottiaceae,Didymodon,cordatus,,dtol,,,,,,,
bryophyte,Moss,Pottiaceae,Didymodon,fallax,,dtol,,,,,,,
bryophyte,Moss,Pottiaceae,Didymodon,ferrugineus,,dtol,,,,,,,
bryophyte,Moss,Pottiaceae,Didymodon,glaucus,,dtol,,,,,,,
bryophyte,Moss,Pottiaceae,Didymodon,icmadophilus,,dtol,,,,,,,
bryophyte,Moss,Pottiaceae,Didymodon,insulanus,,dtol_other_priority,yes,yes,,,,RBGE_0003,
bryophyte,Moss,Pottiaceae,Didymodon,luridus,,dtol,,,,,,,
bryophyte,Moss,Pottiaceae,Didymodon,maximus,,dtol,,,,,,,
bryophyte,Moss,Pottiaceae,Didymodon,nicholsonii,,dtol,,,,,,,
bryophyte,Moss,Pottiaceae,Didymodon,rigidulus,,dtol,,,,yes,,,
bryophyte,Moss,Pottiaceae,Didymodon,sinuosus,,dtol,,,,,,,
bryophyte,Moss,Pottiaceae,Didymodon,spadiceus,,dtol,,,,,,,
bryophyte,Moss,Pottiaceae,Didymodon,tomaculosus,,dtol,,,,,,,
bryophyte,Moss,Pottiaceae,Didymodon,tophaceus,,dtol,,,,,,,
bryophyte,Moss,Pottiaceae,Didymodon,umbrosus,,dtol,,,,,,,
bryophyte,Moss,Pottiaceae,Didymodon,vinealis,,dtol,,,,,,,
bryophyte,Moss,Pottiaceae,Ephemerum,cohaerens,,dtol,,,,,,,
bryophyte,Moss,Pottiaceae,Ephemerum,crassinervium,,dtol,,,,,,,
bryophyte,Moss,Pottiaceae,Ephemerum,minutissimum,,dtol,,,,,,,
bryophyte,Moss,Pottiaceae,Ephemerum,recurvifolium,,dtol,,,,,,,
bryophyte,Moss,Pottiaceae,Ephemerum,serratum,,dtol,,,,,,,
bryophyte,Moss,Pottiaceae,Ephemerum,spinulosum,,dtol,,,,,,,
bryophyte,Moss,Pottiaceae,Eucladium,verticillatum,,dtol,,,,,,,
bryophyte,Moss,Pottiaceae,Gymnostomum,aeruginosum,,dtol,,,,yes,,RBGE_000014,
bryophyte,Moss,Pottiaceae,Gymnostomum,calcareum,,dtol,,,,,,,
bryophyte,Moss,Pottiaceae,Gymnostomum,viridulum,,dtol,,,,,,,
bryophyte,Moss,Pottiaceae,Gyroweisia,reflexa,,dtol,,,,,,,
bryophyte,Moss,Pottiaceae,Gyroweisia,tenuis,,dtol,,,,,,,
bryophyte,Moss,Pottiaceae,Hennediella,heimii,,dtol,,,,,,,
bryophyte,Moss,Pottiaceae,Hennediella,macrophylla,,dtol,,,,,,,
bryophyte,Moss,Pottiaceae,Hennediella,stanfordensis,,dtol,,,,,,,
bryophyte,Moss,Pottiaceae,Hymenostylium,recurvirostrum,,dtol,,,,,,,
bryophyte,Moss,Pottiaceae,Leptobarbula,berica,,dtol,,,,,,,
bryophyte,Moss,Pottiaceae,Leptodontium,flexifolium,,dtol,,,,,,,
bryophyte,Moss,Pottiaceae,Leptodontium,gemmascens,,dtol,,,,,,,
bryophyte,Moss,Pottiaceae,Leptodontium,proliferum,,dtol,,,,,,,
bryophyte,Moss,Pottiaceae,Microbryum,curvicollum,,dtol,,,,,,,
bryophyte,Moss,Pottiaceae,Microbryum,davallianum,,dtol,,,,,,,
bryophyte,Moss,Pottiaceae,Microbryum,floerkeanum,,dtol,,,,,,,
bryophyte,Moss,Pottiaceae,Microbryum,rectum,,dtol,,,,,,,
bryophyte,Moss,Pottiaceae,Microbryum,starckeanum,,dtol,,,,,,,
bryophyte,Moss,Pottiaceae,Molendoa,warburgii,,dtol,,,,,,,
bryophyte,Moss,Pottiaceae,Pottiopsis,caespitosa,,dtol,,,,,,,
bryophyte,Moss,Pottiaceae,Pseudocrossidium,hornschuchianum,,dtol,,,,,,,
bryophyte,Moss,Pottiaceae,Pseudocrossidium,revolutum,,dtol,,,,yes,,,
bryophyte,Moss,Pottiaceae,Pterygoneurum,lamellatum,,dtol,,,,,,,
bryophyte,Moss,Pottiaceae,Pterygoneurum,ovatum,,dtol,,,,,,,
bryophyte,Moss,Pottiaceae,Pterygoneurum,papillosum,,dtol,,,,,,,
bryophyte,Moss,Pottiaceae,Scopelophila,cataractae,,dtol,,,,,,,
bryophyte,Moss,Pottiaceae,Stegonia,latifolia,,dtol,,,,,,,
bryophyte,Moss,Pottiaceae,Streblotrichum,convolutum,,dtol,,,,,,,
bryophyte,Moss,Pottiaceae,Syntrichia,laevipila,,dtol,,,,,,,
bryophyte,Moss,Pottiaceae,Syntrichia,latifolia,,dtol,,,,,,,
bryophyte,Moss,Pottiaceae,Syntrichia,montana,,dtol,,,,,,,
bryophyte,Moss,Pottiaceae,Syntrichia,norvegica,,dtol,,,,,,,
bryophyte,Moss,Pottiaceae,Syntrichia,papillosa,,dtol,,,,,yes,,
bryophyte,Moss,Pottiaceae,Syntrichia,princeps,,dtol,,,,,,,
bryophyte,Moss,Pottiaceae,Syntrichia,ruraliformis,,dtol,,,,,,,
bryophyte,Moss,Pottiaceae,Syntrichia,ruralis,,dtol,,,,,,,
bryophyte,Moss,Pottiaceae,Syntrichia,virescens,,dtol,,,,,,,
bryophyte,Moss,Pottiaceae,Tortella,densa,,dtol,,,,,,,
bryophyte,Moss,Pottiaceae,Tortella,fasciculata,,dtol,,,,,,,
bryophyte,Moss,Pottiaceae,Tortella,flavovirens,,dtol,,,,,,,
bryophyte,Moss,Pottiaceae,Tortella,fragilis,,dtol,,,,,,,
bryophyte,Moss,Pottiaceae,Tortella,inclinata,,dtol,,,,,,,
bryophyte,Moss,Pottiaceae,Tortella,inflexa,,dtol,,,,,,,
bryophyte,Moss,Pottiaceae,Tortella,nitida,,dtol,,,,,,,
bryophyte,Moss,Pottiaceae,Tortella,pseudofragilis,,dtol,,,,,,,
bryophyte,Moss,Pottiaceae,Tortella,squarrosa,,dtol,,,,,,,
bryophyte,Moss,Pottiaceae,Tortella,tortuosa,,dtol_family_representative,yes,yes,,,,RBGE_000016,
bryophyte,Moss,Pottiaceae,Tortula,acaulon,,dtol,,,,,,,
bryophyte,Moss,Pottiaceae,Tortula,amplexa,,dtol,,,,,,,
bryophyte,Moss,Pottiaceae,Tortula,atrovirens,,dtol,,,,,,,
bryophyte,Moss,Pottiaceae,Tortula,canescens,,dtol,,,,,,,
bryophyte,Moss,Pottiaceae,Tortula,caucasica,,dtol,,,,,,,
bryophyte,Moss,Pottiaceae,Tortula,cernua,,dtol,,,,,,,
bryophyte,Moss,Pottiaceae,Tortula,cuneifolia,,dtol,,,,,,,
bryophyte,Moss,Pottiaceae,Tortula,freibergii,,dtol,,,,,,,
bryophyte,Moss,Pottiaceae,Tortula,inermis,,dtol,,,,,,,
bryophyte,Moss,Pottiaceae,Tortula,leucostoma,,dtol,,,,,,,
bryophyte,Moss,Pottiaceae,Tortula,lindbergii,,dtol,,,,,,,
bryophyte,Moss,Pottiaceae,Tortula,marginata,,dtol,,,,,,,
bryophyte,Moss,Pottiaceae,Tortula,muralis,,dtol,,,,,,,
bryophyte,Moss,Pottiaceae,Tortula,protobryoides,,dtol,,,,,,,
bryophyte,Moss,Pottiaceae,Tortula,schimperi,,dtol,,,,,,,
bryophyte,Moss,Pottiaceae,Tortula,solmsii,,dtol,,,,,,,
bryophyte,Moss,Pottiaceae,Tortula,subulata,,dtol,,,,,,,
bryophyte,Moss,Pottiaceae,Tortula,truncata,,dtol,,,,,,,
bryophyte,Moss,Pottiaceae,Tortula,vahliana,,dtol,,,,,,,
bryophyte,Moss,Pottiaceae,Tortula,viridifolia,,dtol,,,,,,,
bryophyte,Moss,Pottiaceae,Tortula,wilsonii,,dtol,,,,,,,
bryophyte,Moss,Pottiaceae,Trichostomum,brachydontium,,dtol,,,,yes,,,
bryophyte,Moss,Pottiaceae,Trichostomum,crispulum,,dtol,,,,,,,
bryophyte,Moss,Pottiaceae,Weissia,angustifolia,,dtol,,,,,,,
bryophyte,Moss,Pottiaceae,Weissia,brachycarpa,,dtol,,,,,,,
bryophyte,Moss,Pottiaceae,Weissia,condensa,,dtol,,,,,,,
bryophyte,Moss,Pottiaceae,Weissia,controversa,,dtol,,,,,,,
bryophyte,Moss,Pottiaceae,Weissia,levieri,,dtol,,,,,,,
bryophyte,Moss,Pottiaceae,Weissia,longifolia,,dtol,,,,,,,
bryophyte,Moss,Pottiaceae,Weissia,perssonii,,dtol,,,,,,,
bryophyte,Moss,Pottiaceae,Weissia,rostellata,,dtol,,,,,,,
bryophyte,Moss,Pottiaceae,Weissia,rutilans,,dtol,,,,,,,
bryophyte,Moss,Pottiaceae,Weissia,squarrosa,,dtol,,,,,,,
bryophyte,Moss,Pottiaceae,Weissia,sterilis,,dtol,,,,,,,
bryophyte,Moss,Pottiaceae,Weissia,wilsonii,,dtol,,,,,,,
bryophyte,Moss,Pottiaceae,Weissia,wimmeriana,,dtol,,,,,,,
bryophyte,Moss,Pottiaceae,Weissia,x mittenii,,dtol,,,,,,,
bryophyte,Moss,Pseudoleskeaceae,Lescuraea,incurvata,,dtol,,,,,,,"Rare, Highlands"
bryophyte,Moss,Pseudoleskeaceae,Lescuraea,patens,,dtol_family_representative,yes,,,,,,"Rare, Highlands"
bryophyte,Moss,Pseudoleskeaceae,Lescuraea,plicata,,dtol_other_priority,yes,,,,,,"Rare, Highlands"
bryophyte,Moss,Pseudoleskeaceae,Lescuraea,saxicola,,dtol,,,,,,,Probably extinct in UK
bryophyte,Moss,Pseudoleskeellaceae,Pseudoleskeella,catenulata,,dtol_other_priority,yes,,,,,,Very rare
bryophyte,Moss,Pseudoleskeellaceae,Pseudoleskeella,nervosa,,dtol,,,,,,,Only known from one hectad
bryophyte,Moss,Pseudoleskeellaceae,Pseudoleskeella,rupestris,,dtol_family_representative,yes,,,,,,"Rare, Highlands"
bryophyte,Moss,Pterigynandraceae,Pterigynandrum,filiforme,,dtol_family_representative,yes,,,yes,,,
bryophyte,Moss,Ptychomitriaceae,Brachydontium,trichodes,,dtol,,,,,,,Tiny
bryophyte,Moss,Ptychomitriaceae,Campylostelium,saxicola,,dtol,,,,,,,Tiny
bryophyte,Moss,Ptychomitriaceae,Ptychomitrium,polyphyllum,,dtol_family_representative,yes,,,yes,,RBGE_000014,
bryophyte,Moss,Pylaisiaceae,Buckia,vaucheri,,dtol,,,,,,,
bryophyte,Moss,Pylaisiaceae,Calliergonella,cuspidata,,dtol_other_priority,yes,yes,,,,RBGE_0003,
bryophyte,Moss,Pylaisiaceae,Calliergonella,lindbergii,,dtol,,,,,,,
bryophyte,Moss,Pylaisiaceae,Homomallium,incurvatum,,dtol,,,,,,,
bryophyte,Moss,Pylaisiaceae,Pseudohygrohypnum,eugyrium,,dtol,,,,,,,
bryophyte,Moss,Pylaisiaceae,Pseudohygrohypnum,subeugyrium,,dtol,,,,,,,
bryophyte,Moss,Pylaisiaceae,Pseudostereodon,procerrimus,,dtol,,,,,,,
bryophyte,Moss,Pylaisiaceae,Ptilium,crista-castrensis,,dtol_family_representative,yes,yes,,,,,
bryophyte,Moss,Pylaisiaceae,Pylaisia,polyantha,,dtol,,,,,,,
bryophyte,Moss,Pylaisiaceae,Roaldia,revoluta,,dtol,,,,,,,
bryophyte,Moss,Pylaisiadelphaceae,Platygyrium,repens,,dtol_family_representative,yes,,,,,,
bryophyte,Moss,Rhabdoweisiaceae,Arctoa,anderssonii,,dtol,,,,,,,
bryophyte,Moss,Rhabdoweisiaceae,Arctoa,fulvella,,dtol,,,,,,,
bryophyte,Moss,Rhabdoweisiaceae,Cynodontium,bruntonii,,dtol,,,,,,,
bryophyte,Moss,Rhabdoweisiaceae,Cynodontium,fallax,,dtol,,,,,,,
bryophyte,Moss,Rhabdoweisiaceae,Cynodontium,jenneri,,dtol,,,,,,,
bryophyte,Moss,Rhabdoweisiaceae,Cynodontium,polycarpon,,dtol,,,,,,,
bryophyte,Moss,Rhabdoweisiaceae,Cynodontium,strumiferum,,dtol,,,,,,,
bryophyte,Moss,Rhabdoweisiaceae,Cynodontium,tenellum,,dtol,,,,,,,
bryophyte,Moss,Rhabdoweisiaceae,Dicranoweisia,cirrata,,dtol_family_representative,yes,,,yes,,RBGE_000014,
bryophyte,Moss,Rhabdoweisiaceae,Glyphomitrium,daviesii,,dtol,,,,,,,
bryophyte,Moss,Rhabdoweisiaceae,Kiaeria,blyttii,,dtol,,,,yes,,RBGE_000014,
bryophyte,Moss,Rhabdoweisiaceae,Kiaeria,falcata,,dtol,,,,,,,
bryophyte,Moss,Rhabdoweisiaceae,Kiaeria,glacialis,,dtol,,,,,,,
bryophyte,Moss,Rhabdoweisiaceae,Kiaeria,starkei,,dtol,,,,,yes,,
bryophyte,Moss,Rhabdoweisiaceae,Oncophorus,integerrimus,,dtol,,,,,,,
bryophyte,Moss,Rhabdoweisiaceae,Oncophorus,virens,,dtol,,,,,,,
bryophyte,Moss,Rhabdoweisiaceae,Oncophorus,wahlenbergii,,dtol,,,,,,,
bryophyte,Moss,Rhabdoweisiaceae,Rhabdoweisia,crenulata,,dtol_other_priority,yes,,,,,,
bryophyte,Moss,Rhabdoweisiaceae,Rhabdoweisia,crispata,,dtol,,,,,,,
bryophyte,Moss,Rhabdoweisiaceae,Rhabdoweisia,fugax,,dtol,,,,,,,
bryophyte,Moss,Rhizogoniaceae,Calomnion,complanatum,,dtol_family_representative,yes,,,,,,"Very rare, 2 hectads SW Ireland"
bryophyte,Moss,Rhytidiaceae,Rhytidium,rugosum,,dtol_family_representative,yes,,,yes,,RBGE_000013,
bryophyte,Moss,Saelaniaceae,Saelania,glaucescens,,dtol_family_representative,yes,,,,,,"Very rare, Glen Clova"
bryophyte,Moss,Schistostegaceae,Schistostega,pennata,,dtol_family_representative,yes,,,,,,
bryophyte,Moss,Scorpidiaceae,Hamatocaulis,vernicosus,,dtol,,,,,,,
bryophyte,Moss,Scorpidiaceae,Hygrohypnella,ochracea,,dtol,,,,yes,,RBGE_000013,
bryophyte,Moss,Scorpidiaceae,Hygrohypnella,polaris,,dtol,,,,,,,
bryophyte,Moss,Scorpidiaceae,Sanionia,orthothecioides,,dtol,,,,,,,
bryophyte,Moss,Scorpidiaceae,Sanionia,uncinata,,dtol,,yes,,,,,
bryophyte,Moss,Scorpidiaceae,Scorpidium,cossonii,,dtol_family_representative,yes,yes,,,,,
bryophyte,Moss,Scorpidiaceae,Scorpidium,revolvens,,dtol_other_priority,yes,yes,,,,,
bryophyte,Moss,Scorpidiaceae,Scorpidium,scorpioides,,dtol,,,,yes,,RBGE_000013,
bryophyte,Moss,Seligeriaceae,Blindia,acuta,,dtol_family_representative,yes,,,yes,,RBGE_000014,
bryophyte,Moss,Seligeriaceae,Blindia,caespiticia,,dtol,,,,,,,
bryophyte,Moss,Seligeriaceae,Blindiadelphus,campylopodus,,dtol,,,,,,,
bryophyte,Moss,Seligeriaceae,Blindiadelphus,diversifolius,,dtol,,,,,,,
bryophyte,Moss,Seligeriaceae,Blindiadelphus,recurvatus,,dtol,,,,yes,,RBGE_000019,
bryophyte,Moss,Seligeriaceae,Seligeria,acutifolia,,dtol,,,,,,,
bryophyte,Moss,Seligeriaceae,Seligeria,brevifolia,,dtol,,,,,,,
bryophyte,Moss,Seligeriaceae,Seligeria,calcarea,,dtol,,,,,,,
bryophyte,Moss,Seligeriaceae,Seligeria,calycina,,dtol,,,,,,,
bryophyte,Moss,Seligeriaceae,Seligeria,carniolica,,dtol,,,,,,,
bryophyte,Moss,Seligeriaceae,Seligeria,donniana,,dtol,,,,,,,
bryophyte,Moss,Seligeriaceae,Seligeria,oelandica,,dtol,,,,,,,
bryophyte,Moss,Seligeriaceae,Seligeria,patula,,dtol,,,,,,,
bryophyte,Moss,Seligeriaceae,Seligeria,pusilla,,dtol_other_priority,yes,,,,,,very small
bryophyte,Moss,Seligeriaceae,Seligeria,trifaria,,dtol,,,,,,,
bryophyte,Moss,Sematophyllaceae,Sematophyllum,demissum,,dtol_family_representative,yes,,,,,,very rare Wales & Ireland
bryophyte,Moss,Sematophyllaceae,Sematophyllum,substrumulosum,,dtol,,,,,,,very rare south
bryophyte,Moss,Sphagnaceae,Sphagnum,affine,,dtol,,,,,,,
bryophyte,Moss,Sphagnaceae,Sphagnum,angustifolium,,dtol,,,,yes,,RBGE_000013,
bryophyte,Moss,Sphagnaceae,Sphagnum,auriculatum,,dtol,,,,,yes,,
bryophyte,Moss,Sphagnaceae,Sphagnum,austinii,,dtol,,,,,,,
bryophyte,Moss,Sphagnaceae,Sphagnum,balticum,,dtol,,,,,,,
bryophyte,Moss,Sphagnaceae,Sphagnum,beothuk,,dtol,,,,,,,
bryophyte,Moss,Sphagnaceae,Sphagnum,capillifolium,,dtol,,,,,,,
bryophyte,Moss,Sphagnaceae,Sphagnum,compactum,,dtol,,,,,,,
bryophyte,Moss,Sphagnaceae,Sphagnum,contortum,,dtol,,,,yes,,RBGE_000013,
bryophyte,Moss,Sphagnaceae,Sphagnum,cuspidatum,,dtol,,,,,,,
bryophyte,Moss,Sphagnaceae,Sphagnum,divinum,,dtol,,,,,,,
bryophyte,Moss,Sphagnaceae,Sphagnum,fallax,,dtol_other_priority,yes,,,,,,
bryophyte,Moss,Sphagnaceae,Sphagnum,fimbriatum,,dtol,,,,yes,,RBGE_000013,
bryophyte,Moss,Sphagnaceae,Sphagnum,flexuosum,,dtol,,,,,,,
bryophyte,Moss,Sphagnaceae,Sphagnum,fuscum,,dtol,,,,,,,
bryophyte,Moss,Sphagnaceae,Sphagnum,girgensohnii,,dtol,,,,,yes,,
bryophyte,Moss,Sphagnaceae,Sphagnum,inundatum,,dtol_family_representative,yes,yes,,,,RBGE_0003,
bryophyte,Moss,Sphagnaceae,Sphagnum,lindbergii,,dtol,,,,,,,
bryophyte,Moss,Sphagnaceae,Sphagnum,majus,,dtol,,,,,,,
bryophyte,Moss,Sphagnaceae,Sphagnum,medium,,dtol,,,,yes,,RBGE_000013,
bryophyte,Moss,Sphagnaceae,Sphagnum,molle,,dtol,,,,,,,
bryophyte,Moss,Sphagnaceae,Sphagnum,obtusum,,dtol,,,,,,,
bryophyte,Moss,Sphagnaceae,Sphagnum,palustre,,dtol,,,,,yes,,
bryophyte,Moss,Sphagnaceae,Sphagnum,papillosum,,dtol,,,,yes,,RBGE_000013,
bryophyte,Moss,Sphagnaceae,Sphagnum,platyphyllum,,dtol,,,,,,,
bryophyte,Moss,Sphagnaceae,Sphagnum,pulchrum,,dtol,,,,,,,
bryophyte,Moss,Sphagnaceae,Sphagnum,quinquefarium,,dtol,,,,,,,
bryophyte,Moss,Sphagnaceae,Sphagnum,riparium,,dtol,,,,,,,
bryophyte,Moss,Sphagnaceae,Sphagnum,rubellum,,dtol,,,,yes,,,
bryophyte,Moss,Sphagnaceae,Sphagnum,russowii,,dtol,,,,,,,
bryophyte,Moss,Sphagnaceae,Sphagnum,skyense,,dtol,,,,,,,
bryophyte,Moss,Sphagnaceae,Sphagnum,squarrosum,,dtol,,,,,,,
bryophyte,Moss,Sphagnaceae,Sphagnum,strictum,,dtol,,,,,,,
bryophyte,Moss,Sphagnaceae,Sphagnum,subnitens,,dtol,,,,,,,
bryophyte,Moss,Sphagnaceae,Sphagnum,subsecundum,,dtol,,,,,,,
bryophyte,Moss,Sphagnaceae,Sphagnum,tenellum,,dtol,,,,yes,,RBGE_000013,
bryophyte,Moss,Sphagnaceae,Sphagnum,teres,,dtol,,,,,,,
bryophyte,Moss,Sphagnaceae,Sphagnum,warnstorfii,,dtol,,,,,,,
bryophyte,Moss,Splachnaceae,Aplodon,wormskioldii,,dtol,,,,,,,
bryophyte,Moss,Splachnaceae,Splachnum,ampullaceum,,dtol,,,,,,,
bryophyte,Moss,Splachnaceae,Splachnum,sphaericum,,dtol_other_priority,yes,,,yes,,RBGE_000014,
bryophyte,Moss,Splachnaceae,Splachnum,vasculosum,,dtol,,,,,,,
bryophyte,Moss,Splachnaceae,Tayloria,lingulata,,dtol,,,,,,,
bryophyte,Moss,Splachnaceae,Tayloria,tenuis,,dtol,,,,,,,
bryophyte,Moss,Splachnaceae,Tetraplodon,angustatus,,dtol,,,,,,,
bryophyte,Moss,Splachnaceae,Tetraplodon,mnioides,,dtol_family_representative,yes,,,yes,,RBGE_000014,
bryophyte,Moss,Stereodontaceae,Stereodon,callichrous,,dtol_family_representative,yes,,,yes,,RBGE_000014,
bryophyte,Moss,Stereodontaceae,Stereodon,hamulosus,,dtol_other_priority,yes,,,,,,
bryophyte,Moss,Taxiphyllaceae,Taxiphyllum,wissgrillii,,dtol_family_representative,yes,,,,,,
bryophyte,Moss,Tetraphidaceae,Tetraphis,pellucida,,dtol_family_representative,yes,,,yes,,RBGE_000014,
bryophyte,Moss,Tetraphidaceae,Tetrodontium,brownianum,,dtol,,,,,yes,,very small
bryophyte,Moss,Tetraphidaceae,Tetrodontium,repandum,,dtol,,,,,,,very small/rare
bryophyte,Moss,Thuidiaceae,Abietinella,abietina,,dtol,,,,,,,
bryophyte,Moss,Thuidiaceae,Helodium,blandowii,,dtol,,,,,,,
bryophyte,Moss,Thuidiaceae,Thuidium,assimile,,dtol,,,,,,,
bryophyte,Moss,Thuidiaceae,Thuidium,delicatulum,,dtol_other_priority,yes,yes,,,,RBGE_0003,
bryophyte,Moss,Thuidiaceae,Thuidium,recognitum,,dtol,,,,,,,
bryophyte,Moss,Thuidiaceae,Thuidium,tamariscinum,,dtol_family_representative,yes,yes,,,,RBGE_0003,
bryophyte,Moss,Timmiaceae,Timmia,austriaca,,dtol_family_representative,yes,,,,,,Very rare
bryophyte,Moss,Timmiaceae,Timmia,megapolitana,,dtol,,,,,,,Very rare -- one hectad
bryophyte,Moss,Timmiaceae,Timmia,norvegica,,dtol_other_priority,yes,,,,,,"Very rare, usually scattered shoots"